Timestamp,Temperature,Vibration,Pressure,Energy_Consumption,Anomaly
2025-01-01 00:00:00,72.48357076505616,0.6399355436586003,93.24821725025619,161.8438488424522,0.0
2025-01-01 01:00:00,69.30867849414408,0.5924633682912769,98.55481329284483,182.79229978440998,0.0
2025-01-01 02:00:00,73.23844269050346,0.5059630369920174,92.07580079000039,191.72788933156713,0.0
2025-01-01 03:00:00,77.61514928204012,0.4353063222294426,96.9203847036096,237.7537531468038,0.0
2025-01-01 04:00:00,68.82923312638331,0.569822331361359,81.06385333046214,211.13106249067516,0.0
2025-01-01 05:00:00,68.8293152152541,0.539348538542175,102.13293707372938,173.29036861800216,0.0
2025-01-01 06:00:00,77.89606407753696,0.5895193220027732,100.01205475362224,209.72072578835275,0.0
2025-01-01 07:00:00,73.83717364576455,0.563517180168197,91.82911368931809,169.0539202212327,0.0
2025-01-01 08:00:00,67.65262807032524,0.6049552715319335,106.59245668432405,221.65382107774147,0.0
2025-01-01 09:00:00,72.71280021792982,0.4464764788439432,109.37570137626558,190.57750696364243,0.0
2025-01-01 10:00:00,67.68291153593769,0.6317394065634325,83.92440135631026,198.12727622521658,0.0
2025-01-01 11:00:00,78.7458567584378,1.235793603002549,62.43807456422261,325.9166310541149,1.0
2025-01-01 12:00:00,71.20981135783018,0.7075260872625265,92.30857650212701,174.256728628315,0.0
2025-01-01 13:00:00,60.43359877671101,0.4310812181910432,90.60096898891135,172.05763629774017,0.0
2025-01-01 14:00:00,61.375410837434835,0.6735963803165249,108.29474841931749,188.3280134730799,0.0
2025-01-01 15:00:00,67.18856235379513,0.5197910783462648,98.06173861227197,220.76757702038634,0.0
2025-01-01 16:00:00,64.93584439832789,0.43485819963855515,97.35485158689389,169.61307849046315,0.0
2025-01-01 17:00:00,71.57123666297637,0.4516114165945678,79.96137635593246,143.35688803778862,0.0
2025-01-01 18:00:00,65.45987962239394,0.46796526918056797,106.35418030209226,190.97682283182002,0.0
2025-01-01 19:00:00,62.93848149332354,0.5424165946401917,87.60741605146528,211.03481599821842,0.0
2025-01-01 20:00:00,77.32824384460777,0.55228354880355,100.59932630266329,224.00523499477657,0.0
2025-01-01 21:00:00,68.87111849756732,0.4426299996061421,102.77376937958192,190.73677275829203,0.0
2025-01-01 22:00:00,84.63906834440787,1.4882562078945418,98.47730091950982,280.6707164362268,1.0
2025-01-01 23:00:00,62.87625906893272,0.7142270358611864,86.91179600880888,223.07801468511494,0.0
2025-01-02 00:00:00,67.27808637737408,0.6727543170100712,69.80487844179174,162.6051660060916,0.0
2025-01-02 01:00:00,70.55461294854933,0.5436323669674032,101.83849544753694,192.2295844963398,0.0
2025-01-02 02:00:00,64.24503211288848,0.50380034781682,118.00511181510853,203.80847779850114,0.0
2025-01-02 03:00:00,71.87849009172837,0.5120031326718262,112.38946352939438,208.98437442570068,0.0
2025-01-02 04:00:00,66.99680655040598,0.5613517972730416,102.09659415274626,189.80386613618234,0.0
2025-01-02 05:00:00,68.54153125103362,0.39772074348015946,95.08363814367952,200.68882023411683,0.0
2025-01-02 06:00:00,66.99146693885301,0.4742623462576655,108.0712259663731,150.2334529317402,0.0
2025-01-02 07:00:00,79.26139092254469,0.3331415926122411,90.26453800295532,186.83503175332302,0.0
2025-01-02 08:00:00,69.93251387631032,0.5399223122605279,104.7635776935622,209.07017425108936,0.0
2025-01-02 09:00:00,83.83352772303574,1.3130913079732662,81.22823298486449,259.6445390256686,1.0
2025-01-02 10:00:00,74.11272456051594,0.4516813537700626,110.6020990749888,201.17968443179194,0.0
2025-01-02 11:00:00,63.89578175014489,0.6573986763290033,127.59660038911078,208.93745001605396,0.0
2025-01-02 12:00:00,71.04431797502377,0.3774234336997659,103.92415967178766,193.1490159828447,0.0
2025-01-02 13:00:00,60.201649380601125,0.353562511979018,94.91036374292501,203.40927541993142,0.0
2025-01-02 14:00:00,63.359069755507846,0.5224451818559972,99.74425687808005,180.74534869430775,0.0
2025-01-02 15:00:00,70.98430617934562,0.6047098302612155,82.30924095110882,195.86777440607906,0.0
2025-01-02 16:00:00,73.69233289997705,0.6683927691457869,93.05286868910942,212.20432339178444,0.0
2025-01-02 17:00:00,70.85684140594985,0.454111573713106,95.90717561886896,203.1394592193687,0.0
2025-01-02 18:00:00,69.4217585880588,0.6078680833431296,94.75911602065408,188.26937460872128,0.0
2025-01-02 19:00:00,68.49448152205356,0.4961491530499293,101.52354872033722,204.48432808581586,0.0
2025-01-02 20:00:00,62.60739004816286,0.48273727000591804,91.775800676178,214.29219581273236,0.0
2025-01-02 21:00:00,66.40077895802645,0.5883659937486673,111.21030667324472,159.00117442845044,0.0
2025-01-02 22:00:00,67.69680614520107,0.5652322878413419,100.00207064918197,223.18148129911796,0.0
2025-01-02 23:00:00,75.28561113109458,0.342360784301575,99.90699678861385,193.27490522637856,0.0
2025-01-03 00:00:00,71.71809144784231,0.6476540349725896,96.72105283487082,208.5097986648046,0.0
2025-01-03 01:00:00,61.18479922318633,0.6380091354147451,101.55190683858979,223.94493847290457,0.0
2025-01-03 02:00:00,71.62041984697397,0.43744372984904706,108.25098264667635,172.56652605539068,0.0
2025-01-03 03:00:00,68.07458859791842,0.5395803533437409,91.32869784289099,185.81117995144908,0.0
2025-01-03 04:00:00,66.6153899984702,0.5494030186282739,93.41883510924744,194.22902608248592,0.0
2025-01-03 05:00:00,73.05838144420434,0.5260673765823907,96.96273971223336,184.32492957751143,0.0
2025-01-03 06:00:00,75.15499761247976,0.444969484615458,86.54129076526785,234.69873151673616,0.0
2025-01-03 07:00:00,74.65640059558099,0.4328376632061948,91.80742140278502,182.86455812346415,0.0
2025-01-03 08:00:00,65.80391238388681,0.49744459290085546,95.23779126455341,188.88906441026268,0.0
2025-01-03 09:00:00,68.45393812074393,0.6172729019259364,108.74389180712727,204.08778063205955,0.0
2025-01-03 10:00:00,71.65631715701782,0.5543600154594432,102.62561329001925,175.95700947847823,0.0
2025-01-03 11:00:00,87.55769830445557,1.4273202773941356,74.73876904644956,256.35658918804586,1.0
2025-01-03 12:00:00,67.60412881077355,0.5771698710648345,108.50897962167971,206.3490652250035,0.0
2025-01-03 13:00:00,69.07170511668092,0.21514573793699243,98.62628211600604,193.34279191234978,0.0
2025-01-03 14:00:00,64.46832512996986,0.6148765700372103,103.9046484992889,198.13226282200102,0.0
2025-01-03 15:00:00,64.01896687959665,0.32602862212219,98.96778247067503,189.41335775103258,0.0
2025-01-03 16:00:00,74.06262911197099,0.4637559058596868,102.65362349399628,169.71059381638466,0.0
2025-01-03 17:00:00,76.78120014285412,0.3880330105373856,94.17241342388418,206.43186422678477,0.0
2025-01-03 18:00:00,69.63994939209833,0.3705318524279094,75.61182841723571,235.09866143294482,0.0
2025-01-03 19:00:00,75.01766448946012,0.6160826787378519,98.65720837813696,200.36803261566877,0.0
2025-01-03 20:00:00,71.80818012523817,0.45322987986881086,114.2274813609994,204.50528234495098,0.0
2025-01-03 21:00:00,66.77440122697438,0.5346503881730715,109.26215402241593,213.8544551023372,0.0
2025-01-03 22:00:00,71.80697802754207,0.49530794211208157,109.6539748459117,174.613390069066,0.0
2025-01-03 23:00:00,77.69018283232984,0.5477040827223122,112.36130721806218,234.0502931625921,0.0
2025-01-04 00:00:00,69.82086980445024,0.5076821891060256,100.88657590961438,204.04657592845604,0.0
2025-01-04 01:00:00,77.82321827907003,0.37170077758114306,101.97315707405596,232.6371379817822,0.0
2025-01-04 02:00:00,56.901274479551276,0.599626681944714,93.8234810456565,185.33934008952022,0.0
2025-01-04 03:00:00,74.10951252187611,0.4506243416838688,96.8392714397295,236.3612384511565,0.0
2025-01-04 04:00:00,70.43523534119086,0.3443418101340249,106.15771149771142,215.50310988069566,0.0
2025-01-04 05:00:00,68.50496324767066,0.4571884839034087,112.03884437168816,211.06080171704716,0.0
2025-01-04 06:00:00,70.45880388267751,0.6500759790634311,98.60553724319,204.68048908706297,0.0
2025-01-04 07:00:00,60.06215542699554,0.5850221742113493,95.49810735148588,195.029427638511,0.0
2025-01-04 08:00:00,68.90164056081244,0.4651347865592141,100.00527958856597,224.01063316947744,0.0
2025-01-04 09:00:00,71.78556285755873,0.46507422956815714,106.01206748929116,202.80719739696093,0.0
2025-01-04 10:00:00,88.74692875470659,1.0735898695191457,56.83881959088976,227.58394989953058,1.0
2025-01-04 11:00:00,67.40864890863176,0.707674798356084,77.03819046862762,177.65627076585994,0.0
2025-01-04 12:00:00,65.95753198553406,0.5381935452231553,94.49463150508416,196.28308495614505,0.0
2025-01-04 13:00:00,67.49121478207732,0.543004164719107,87.79287574085842,206.1999796633111,0.0
2025-01-04 14:00:00,74.57701058851038,0.6030283454031842,94.9185980235269,198.8682302220021,0.0
2025-01-04 15:00:00,71.64375554829843,0.5238789159026513,98.52219681182528,224.37941579587326,0.0
2025-01-04 16:00:00,67.3511989811648,0.4740957854179297,95.46751590976987,160.9779627192275,0.0
2025-01-04 17:00:00,72.56633716556678,0.4803650150915022,114.52467534470745,202.8717587301032,0.0
2025-01-04 18:00:00,70.4853877467402,0.4928398740585936,103.2674476460232,163.64041549225692,0.0
2025-01-04 19:00:00,74.84322495266444,0.4962777763490158,103.00474359610828,215.19424590968336,0.0
2025-01-04 20:00:00,66.48973453061323,0.572762954363698,106.22207144043402,198.11082571115995,0.0
2025-01-04 21:00:00,68.36168926701116,0.50519458858073,88.61166882219231,208.39219944048236,0.0
2025-01-04 22:00:00,68.0394592343392,0.5732640077215579,110.39111787420269,182.7223407882047,0.0
2025-01-04 23:00:00,62.68242525933941,0.49192834198914176,99.2423571346454,225.589298633155,0.0
2025-01-05 00:00:00,71.48060138532288,0.5078635190316091,106.70480617241212,220.83449328117703,0.0
2025-01-05 01:00:00,71.30527636089944,0.30017993154678924,89.28142766959844,211.67088606023776,0.0
2025-01-05 02:00:00,70.02556728321231,0.5916327674702482,84.46241233983936,197.4096550627312,0.0
2025-01-05 03:00:00,68.82706433312427,0.5346488475897992,108.17889658025028,211.59714570590265,0.0
2025-01-05 04:00:00,62.923146289747926,0.5998010109859653,103.76409526097517,185.86214864025303,0.0
2025-01-05 05:00:00,67.89677338617321,0.21037446218063105,90.9794844564249,217.11111318041424,0.0
2025-01-05 06:00:00,68.28642741736616,0.7088374704780728,91.30336918725305,232.9896178864784,0.0
2025-01-05 07:00:00,83.19916026287062,1.2089843471143864,92.7035407063402,319.70404463996294,1.0
2025-01-05 08:00:00,69.19357144166996,0.6108182816737516,88.10588107132672,185.40795060385182,0.0
2025-01-05 09:00:00,72.02025428407269,0.39600940728744694,116.42672953255963,207.22834634546206,0.0
2025-01-05 10:00:00,79.43092950605265,0.5612773905062569,90.99379265352131,174.13716912482704,0.0
2025-01-05 11:00:00,70.8728890641592,0.39465844368263436,106.38391925608383,211.4478062235135,0.0
2025-01-05 12:00:00,71.28775195361382,0.4376231039304195,96.71381524251015,209.01206825725077,0.0
2025-01-05 13:00:00,69.62777042116916,0.6914031353866786,106.03187431082343,162.6036732093567,0.0
2025-01-05 14:00:00,60.40614392350479,0.4809317599236653,94.55885997885807,176.76432312175274,0.0
2025-01-05 15:00:00,69.86743062275391,0.5217432873179723,98.37207093927705,194.33722206512465,0.0
2025-01-05 16:00:00,80.97399717892027,1.377391064876086,81.9139072880047,277.3031702919294,1.0
2025-01-05 17:00:00,82.31621056242643,0.5495681887972604,89.97812544218527,175.81046129162388,0.0
2025-01-05 18:00:00,69.03819517609439,0.5150418905143577,107.40824345420125,207.77957458704367,0.0
2025-01-05 19:00:00,71.50773671166806,0.5364961002466225,94.86786433528415,205.02947217881024,0.0
2025-01-05 20:00:00,69.82644115147379,0.7403415585238275,97.71400084659982,196.1146173604296,0.0
2025-01-05 21:00:00,64.15660981190234,0.49423812029664144,90.05650625391488,184.88416999683275,0.0
2025-01-05 22:00:00,75.7141140725751,0.5201099046714968,74.3766634120469,220.97414252833127,0.0
2025-01-05 23:00:00,73.75966516343387,0.6050654396007612,98.08972237399831,233.10814226176592,0.0
2025-01-06 00:00:00,73.95515973521523,0.6105525932957984,124.12615421612915,190.32877032306925,0.0
2025-01-06 01:00:00,65.4530627260263,0.618703030556038,107.84604287898024,187.7566616569036,0.0
2025-01-06 02:00:00,77.0139715546805,0.5638730222029185,99.80739620265605,209.82415330823991,0.0
2025-01-06 03:00:00,62.990744686038596,0.38569950872695163,97.37109170791733,192.83941240506027,0.0
2025-01-06 04:00:00,72.93428546900135,0.6633431532301096,100.22465892812046,197.21205598673532,0.0
2025-01-06 05:00:00,80.95227812904989,0.3853654606981312,105.4711911517521,214.79306303449343,0.0
2025-01-06 06:00:00,65.04731837434656,0.5302635465239033,88.19187184691155,161.81287824985415,0.0
2025-01-06 07:00:00,67.16851135198614,0.4245724149980642,111.14321694668872,226.3660464970534,0.0
2025-01-06 08:00:00,70.4982568254382,0.49358616534070077,107.15381315441245,201.45361048658683,0.0
2025-01-06 09:00:00,67.48262172941901,0.532876241030348,107.18185725707934,191.7701371087564,0.0
2025-01-06 10:00:00,62.24668284466934,0.5321357215450273,104.38475738809727,198.215316915571,0.0
2025-01-06 11:00:00,70.34281487403014,0.5421920754235284,100.1961665769399,199.24858710041036,0.0
2025-01-06 12:00:00,64.68848143136948,0.6613711269058647,106.7286123596682,165.3759739311015,0.0
2025-01-06 13:00:00,72.36796215317591,0.545353430151398,105.91814133741379,229.8987645490647,0.0
2025-01-06 14:00:00,65.40287882883098,0.4755843364709351,96.45959289058976,200.82651264541238,0.0
2025-01-06 15:00:00,77.7496720250877,0.5964087168288357,94.26398227103098,208.8600426089475,0.0
2025-01-06 16:00:00,66.08373353831881,0.6189470488924641,101.01856295261987,219.03099541148086,0.0
2025-01-06 17:00:00,68.38969241897162,0.37723921848630076,115.49020151495188,179.576750848794,0.0
2025-01-06 18:00:00,74.06758608684835,0.5597400069849858,87.60892924346099,209.46943798070458,0.0
2025-01-06 19:00:00,63.84567841783022,0.5701172742310898,85.3247473424756,194.64717818202413,0.0
2025-01-06 20:00:00,71.13729967302065,0.4702436496640008,101.64760841236517,216.93541550432988,0.0
2025-01-06 21:00:00,76.53571377141213,0.6375706813311619,100.50887701856018,157.4554515929701,0.0
2025-01-06 22:00:00,61.96258382719386,0.48499444129674735,101.73341664370409,198.01811399517462,0.0
2025-01-06 23:00:00,70.92316929266153,0.5125576453471542,102.439531979085,187.94358688432078,0.0
2025-01-07 00:00:00,71.29941397124212,0.48269281757161303,97.76797745365195,208.6452590126831,0.0
2025-01-07 01:00:00,73.90911435888655,0.5015579047581468,114.89863438602082,209.40088374736405,0.0
2025-01-07 02:00:00,63.81524644560959,0.3903724913104798,83.99096021523485,185.84748210355949,0.0
2025-01-07 03:00:00,63.39771693457862,0.3559949117405705,91.71502975219754,185.75652271647914,0.0
2025-01-07 04:00:00,72.60970782808448,0.6594505063224972,98.96745239850952,197.78669262885342,0.0
2025-01-07 05:00:00,71.48492336616593,0.4153038651681672,83.56811188845833,182.06715545369585,0.0
2025-01-07 06:00:00,71.25246425172938,0.4008607650543693,98.24145595567929,216.83967390904255,0.0
2025-01-07 07:00:00,71.73224104748488,0.2846609886396285,116.61470165728018,192.6158559910511,0.0
2025-01-07 08:00:00,66.59987639210755,0.4361038252310498,100.20886488295962,141.86023561356717,0.0
2025-01-07 09:00:00,71.16126848580502,0.3676910206592502,102.30700905718683,192.50355886756387,0.0
2025-01-07 10:00:00,71.46536236649341,0.664201516013637,87.3983523482742,179.22912358312055,0.0
2025-01-07 11:00:00,66.42824290986816,0.6009817089342634,93.83638591960522,167.3744836907811,0.0
2025-01-07 12:00:00,79.32887255572378,0.4311849654822276,96.24803619676064,175.25146723554855,0.0
2025-01-07 13:00:00,72.36916460455893,0.7252435805344308,96.82284903243766,202.1881694366594,0.0
2025-01-07 14:00:00,64.04348251398676,0.5981765486991595,112.81643795003768,226.57281656496463,0.0
2025-01-07 15:00:00,92.0302045397348,1.0025512095097326,79.80588818923835,282.12729796501515,1.0
2025-01-07 16:00:00,65.1265916488634,0.2500594285126427,88.88542043062968,187.8699322356852,0.0
2025-01-07 17:00:00,73.93542301871226,0.7290942572590742,102.46504778432005,209.11808390341406,0.0
2025-01-07 18:00:00,75.79297789503703,0.3610427533236404,104.98221748496785,190.81819379562018,0.0
2025-01-07 19:00:00,65.89658840824144,0.3354601253043108,111.40149038521267,186.1079926167371,0.0
2025-01-07 20:00:00,74.8168806462216,0.6022570432009641,115.80540686568374,176.9127466353403,0.0
2025-01-07 21:00:00,72.06390463468249,0.7439752406339273,89.84905808172131,164.96342386496562,0.0
2025-01-07 22:00:00,74.11030079997245,0.6384272818510518,91.89142488789662,192.2015258688111,0.0
2025-01-07 23:00:00,79.48396491326974,0.5563909120052359,87.42422141085383,203.16106979840265,0.0
2025-01-08 00:00:00,68.77305941998564,0.5594754341665286,97.65980140893019,198.0675265997022,0.0
2025-01-08 01:00:00,66.23131917821256,0.5853415558780308,104.66358374446335,191.68066144105282,0.0
2025-01-08 02:00:00,65.55242785187238,0.5758928589786765,109.87334516589102,181.08507878606437,0.0
2025-01-08 03:00:00,65.92094857517282,0.5281191423969376,99.24048976357477,212.16492383369936,0.0
2025-01-08 04:00:00,69.61449145292949,0.5104201103951876,96.80152476745155,173.65736160106832,0.0
2025-01-08 05:00:00,71.70575987408321,0.49374068721004777,101.5175799224874,215.5205582768695,0.0
2025-01-08 06:00:00,71.38345399665009,0.4246035411133324,91.64857098369977,179.95565962146551,0.0
2025-01-08 07:00:00,74.13591624518011,0.47193249231332257,120.89538721694774,184.9512952529393,0.0
2025-01-08 08:00:00,70.06500945938953,0.33070431858046145,83.92338972881942,170.66429618768646,0.0
2025-01-08 09:00:00,77.26767038578659,0.490166037320525,101.84740578895725,189.97195706228726,0.0
2025-01-08 10:00:00,68.67671583381022,0.40114088928490826,120.2360621922964,219.50624916955957,0.0
2025-01-08 11:00:00,83.6008458329481,0.38964106827842293,100.06799844559998,210.31256176887914,0.0
2025-01-08 12:00:00,73.12833673882503,0.5179894151153478,98.09960964998506,219.5684422405607,0.0
2025-01-08 13:00:00,65.71421221791859,0.6392002286344599,96.42554577189573,210.44285091867872,0.0
2025-01-08 14:00:00,64.64553750969444,0.5918316606002313,98.19608318237592,177.92660342939263,0.0
2025-01-08 15:00:00,72.41236207621593,0.3429499396376823,113.7284847467653,193.38421551344885,0.0
2025-01-08 16:00:00,68.88268607337075,0.40103718634296626,77.88138088670493,184.39601741765074,0.0
2025-01-08 17:00:00,73.57000247046047,0.5940771187988216,115.33433701296326,226.6114980807808,0.0
2025-01-08 18:00:00,72.36618812286773,0.40175126064616906,85.76042847549854,176.06422707147377,0.0
2025-01-08 19:00:00,69.63585543671563,0.47753668500029756,97.33347670765585,217.87395378778223,0.0
2025-01-08 20:00:00,65.76603140965797,0.5550052099024552,95.70755579701338,217.8590774021754,0.0
2025-01-08 21:00:00,62.42576387657068,0.40316555451363645,105.88553269770719,236.59240403432176,0.0
2025-01-08 22:00:00,67.76742523966489,0.5105375506145959,84.01875648116253,191.80626814741007,0.0
2025-01-08 23:00:00,74.28199397161737,0.36659745050817955,104.62172666081943,214.24644319160325,0.0
2025-01-09 00:00:00,71.07046872065102,0.4398632356048786,120.24309623286852,245.63303673077684,0.0
2025-01-09 01:00:00,63.77130610644006,0.5319781934142537,86.3682599540719,187.64716646132607,0.0
2025-01-09 02:00:00,70.86590462925591,0.3407006266468331,101.89706167610396,169.29919504935282,0.0
2025-01-09 03:00:00,71.92658689864419,0.5440474737960399,93.3801782220339,162.39979932184474,0.0
2025-01-09 04:00:00,65.58071281899433,0.4980362201073319,104.25887206193036,214.25424057722662,0.0
2025-01-09 05:00:00,70.76862552972764,0.5552489954417148,100.19147777415752,162.33699583882833,0.0
2025-01-09 06:00:00,70.29104359223,0.5223914134064661,93.58513090955691,192.55361894124155,0.0
2025-01-09 07:00:00,64.28514851084688,0.6364140429973845,104.87872284871074,208.74626374077923,0.0
2025-01-09 08:00:00,71.78893680174141,0.5125224502647907,118.04348109786743,203.70351073659828,0.0
2025-01-09 09:00:00,72.80392263184117,0.4570594458874747,98.09096208272702,208.50889728368344,0.0
2025-01-09 10:00:00,75.41525621587638,0.5122297503032284,107.19757942148182,204.44579711601708,0.0
2025-01-09 11:00:00,75.26901026017451,0.5543298029036388,87.06727042128836,225.57731626626787,0.0
2025-01-09 12:00:00,63.111653160214544,0.5048860070325705,90.43563623181991,180.95367238522405,0.0
2025-01-09 13:00:00,65.31087480042439,0.5040591691203883,104.72406277880377,186.46009723082938,0.0
2025-01-09 14:00:00,72.5751763360433,0.42980083121932444,114.84116028535965,184.54681109458352,0.0
2025-01-09 15:00:00,72.56892975456104,0.4337099082449052,103.5561334878566,216.6038362372522,0.0
2025-01-09 16:00:00,72.57523843153024,0.3597394728200306,96.86941969476845,218.00797176790127,0.0
2025-01-09 17:00:00,89.26365745327361,0.6749576743186939,99.99291405423354,209.02450638637015,0.0
2025-01-09 18:00:00,72.85445255346583,0.3756136764608715,87.49592266030282,223.66987333779855,0.0
2025-01-09 19:00:00,75.677828200903,0.4307094802204093,106.04515326355367,176.4391826524724,0.0
2025-01-09 20:00:00,74.770008817466,0.42815927344308025,108.82333062323409,233.34448223102274,0.0
2025-01-09 21:00:00,73.256956256529,0.5894924376944441,95.4790966716692,230.46477243424516,0.0
2025-01-09 22:00:00,68.42365377679828,0.4705050321707972,95.29957852240499,214.71243994491493,0.0
2025-01-09 23:00:00,73.79484610246634,0.6247742072673734,102.65878229652049,235.6359781754212,0.0
2025-01-10 00:00:00,66.13587392731215,0.4326509375756131,95.63280263959405,166.86753584644453,0.0
2025-01-10 01:00:00,68.81590696629996,0.5278994162223802,99.33867385374178,189.51103727474697,0.0
2025-01-10 02:00:00,67.57318226085448,0.41646529467402427,120.99721789166516,185.29393078636096,0.0
2025-01-10 03:00:00,70.40937069693162,0.7145149127773388,97.52974299254004,214.42958647514686,0.0
2025-01-10 04:00:00,81.57329283336755,0.3812401580970487,96.41659847978778,178.9971852079571,0.0
2025-01-10 05:00:00,60.66367403704126,0.5309820710227028,93.52458194364841,215.1499029867497,0.0
2025-01-10 06:00:00,73.43130095187257,0.5633776880932099,107.44191971499937,227.41072287993427,0.0
2025-01-10 07:00:00,61.93642064405174,0.5413799097451498,98.18775826781896,213.90405800168,0.0
2025-01-10 08:00:00,67.64034067105283,0.4814712341122292,93.50626961678574,205.67502047323003,0.0
2025-01-10 09:00:00,75.44475298483682,0.4870179300266574,113.21304032273012,180.242533181985,0.0
2025-01-10 10:00:00,70.32140009547732,0.5043811471979109,114.19603004513637,183.0629806774927,0.0
2025-01-10 11:00:00,64.61127611035347,0.48529979983715116,93.99576434261294,224.99237810593334,0.0
2025-01-10 12:00:00,66.42348145370016,0.596387911679491,81.33460048639384,215.58698007810665,0.0
2025-01-10 13:00:00,73.39798874467338,0.7210523001591351,110.07513689836922,199.21960961244912,0.0
2025-01-10 14:00:00,66.34816684141431,0.44425082149921663,93.15370174239996,191.6418090846822,0.0
2025-01-10 15:00:00,71.08229294790988,0.3630197020420922,107.90625599162769,159.48384253777246,0.0
2025-01-10 16:00:00,81.68882485493228,1.0265200992570578,55.25993744661911,262.2539380718829,1.0
2025-01-10 17:00:00,66.74199826197092,0.7579709337654319,108.92597338299309,238.22838174279445,0.0
2025-01-10 18:00:00,80.71972044662662,0.4196325432030269,87.8882807071922,174.39088857995065,0.0
2025-01-10 19:00:00,73.16959511159006,0.6639116805444067,107.30764119066525,203.7895964244216,0.0
2025-01-10 20:00:00,59.874287066711965,0.667770081407644,100.14273067836434,220.14887946390397,0.0
2025-01-10 21:00:00,70.93227157384713,0.44464117582920054,90.46060580603356,174.90154663995415,0.0
2025-01-10 22:00:00,66.69106767615806,0.5568983079185276,95.9296368707322,203.69420949562166,0.0
2025-01-10 23:00:00,74.26216667398111,0.6628396623128539,106.86318456956701,218.7583107502131,0.0
2025-01-11 00:00:00,66.0373963078365,0.4620872259012513,101.05894453115235,200.24998643814502,0.0
2025-01-11 01:00:00,69.4263177926655,0.47964196398976383,105.84412980472484,257.3680611133354,0.0
2025-01-11 02:00:00,72.52493639490228,0.4418319086051356,119.76440584515485,166.62801482243609,0.0
2025-01-11 03:00:00,90.28921192562709,1.3065527054878752,63.976446224746155,283.58894457921986,1.0
2025-01-11 04:00:00,63.99851796472112,0.4350722454933993,116.17212574968624,196.5439652520707,0.0
2025-01-11 05:00:00,68.32749382079525,0.3776059733237743,101.04355937523214,215.4384030967335,0.0
2025-01-11 06:00:00,67.62527344419522,0.5034083468259226,91.01215951676872,208.82614303398492,0.0
2025-01-11 07:00:00,66.73335383713145,0.42300267689413584,86.6968637426101,185.33687605780005,0.0
2025-01-11 08:00:00,78.82727120140548,0.5233785911790748,98.10879609222967,204.57992784918682,0.0
2025-01-11 09:00:00,72.02490855480478,0.3444104353796372,109.2165011192446,162.84197097203426,0.0
2025-01-11 10:00:00,63.69558022832477,0.5330880232214457,98.72450879622465,212.06495001142787,0.0
2025-01-11 11:00:00,74.58930973527389,0.5833528961608925,115.11154930247348,205.9631693198105,0.0
2025-01-11 12:00:00,98.56188381033041,0.9188638918622017,66.80096429414579,279.85172272444044,1.0
2025-01-11 13:00:00,75.16232630275573,0.5374056569847572,99.87911052153946,221.162366501743,0.0
2025-01-11 14:00:00,62.403150170229935,0.6227668992473292,87.47606555586881,207.35239680419423,0.0
2025-01-11 15:00:00,67.57882963566874,0.37903589813087946,103.63631882624968,202.96178839596553,0.0
2025-01-11 16:00:00,76.33455574593312,0.6672572386837703,108.868873900973,182.37863326677416,0.0
2025-01-11 17:00:00,66.4616526719061,0.5419019009366045,95.79238206318946,185.75558472701897,0.0
2025-01-11 18:00:00,72.21909714073114,0.4294988144241591,73.95786143372865,223.73469240354663,0.0
2025-01-11 19:00:00,73.87317026714669,0.4944230922342294,101.98948146796495,228.72670811411956,0.0
2025-01-11 20:00:00,65.36534764210958,0.5558326912521723,104.3673855173351,195.23779127375892,0.0
2025-01-11 21:00:00,69.702373219691,0.5076005391412411,104.04294754961698,200.9200549450655,0.0
2025-01-11 22:00:00,66.14397628777382,1.321275332385233,90.03931898903201,276.53116719772527,1.0
2025-01-11 23:00:00,64.87806179332856,0.40793264069206336,89.28946320350951,223.4551369053489,0.0
2025-01-12 00:00:00,68.7371592430342,0.5169360824036078,106.8021610545045,213.30833647383557,0.0
2025-01-12 01:00:00,63.76108409017575,0.35862855030950197,111.92507512477975,238.824348729275,0.0
2025-01-12 02:00:00,78.16205651965818,0.48887739386512996,82.21412415993484,182.43353845640522,0.0
2025-01-12 03:00:00,62.84929311019684,0.40960923585352105,103.19651825918977,192.43984201963565,0.0
2025-01-12 04:00:00,67.79977756651508,0.42644700574102334,94.95820168992329,204.62891845051143,0.0
2025-01-12 05:00:00,70.65370288643045,0.6236093175210438,99.18477326898355,212.9297907545154,0.0
2025-01-12 06:00:00,77.20636644533057,0.6091310120594269,103.47676483538336,195.68664724904735,0.0
2025-01-12 07:00:00,62.8206892441028,0.5609138120907177,95.12771435886448,182.540778190926,0.0
2025-01-12 08:00:00,75.8158187607748,0.3907687235327421,93.24291920838388,217.62815057847143,0.0
2025-01-12 09:00:00,70.05116530509794,0.46835915503051984,100.34152417488025,214.42270725091163,0.0
2025-01-12 10:00:00,65.09245674476024,0.6213097699979183,89.12754061137197,181.6745179887255,0.0
2025-01-12 11:00:00,72.31051737131635,0.5141716913639904,89.14174871114815,227.1088560221099,0.0
2025-01-12 12:00:00,70.99529847786735,0.7319329539981694,106.79373282956503,223.40397418393206,0.0
2025-01-12 13:00:00,66.99891561420603,0.5393317839394371,88.51205964841344,202.68592994495586,0.0
2025-01-12 14:00:00,70.3490104249501,0.5192049116490032,106.66312500909211,201.59195724752072,0.0
2025-01-12 15:00:00,68.0734320156912,0.4690883535797499,104.6259129285395,211.08115542231815,0.0
2025-01-12 16:00:00,70.56758672625624,0.5133540904782282,82.74193271209404,182.76593859487483,0.0
2025-01-12 17:00:00,73.31065337260523,0.4847530163619456,93.22435347664344,200.60062958328163,0.0
2025-01-12 18:00:00,77.93008408072676,0.570810867668859,111.94109403047372,156.9523291078164,0.0
2025-01-12 19:00:00,63.810922505865754,0.5956702316794584,90.18834468860318,217.5291129100587,0.0
2025-01-12 20:00:00,80.66516687328134,0.421401053949205,95.35595737690612,168.7701355511628,0.0
2025-01-12 21:00:00,60.23956100238749,0.3668767046442222,104.62060893251896,230.06839656857997,0.0
2025-01-12 22:00:00,69.24107452482208,0.3163794626896703,107.83390509282596,193.397598120671,0.0
2025-01-12 23:00:00,72.94158603242288,0.5507991326912544,97.48461113955504,195.76666036137647,0.0
2025-01-13 00:00:00,71.40495933867517,0.38966333938261266,94.02489805308359,187.4453218783099,0.0
2025-01-13 01:00:00,66.88650240089703,0.28471094070475167,114.22369861698508,194.23922252155847,0.0
2025-01-13 02:00:00,68.95938874821363,0.5388578604530965,117.3889966379758,228.37062690296074,0.0
2025-01-13 03:00:00,87.52849833142784,1.5514521616540184,82.7763090099217,212.19371087987597,1.0
2025-01-13 04:00:00,67.05317621527894,0.4993929088460107,100.85318142565023,225.53930772176375,0.0
2025-01-13 05:00:00,74.24801048510513,0.5838490774451642,91.91734278359074,206.76046962203415,0.0
2025-01-13 06:00:00,71.78507742982524,0.5081829358547565,91.69555593443435,175.8595670428557,0.0
2025-01-13 07:00:00,66.53545202369673,0.49011103468088574,105.22514105265758,178.49375213901524,0.0
2025-01-13 08:00:00,74.49799937716625,0.5919076482987768,104.18398220888683,233.52786054416407,0.0
2025-01-13 09:00:00,71.53649760438304,0.4709725455811349,114.01598592946429,181.08986240114538,0.0
2025-01-13 10:00:00,74.06431059419481,0.5267392314071903,106.50450092536138,176.93298978808082,0.0
2025-01-13 11:00:00,73.14814420961807,0.5321697806196014,84.96919698240183,222.74629084729457,0.0
2025-01-13 12:00:00,65.85502494538964,0.4331909546356951,110.51947617722918,206.77105752571828,0.0
2025-01-13 13:00:00,67.19909479901516,0.5992042349536523,90.01939372685587,181.241488469272,0.0
2025-01-13 14:00:00,73.7364680256163,0.48250402433045914,96.16028728047648,204.33249950809238,0.0
2025-01-13 15:00:00,73.05185132716733,0.4244254840507155,102.50200206251695,179.48494632719445,0.0
2025-01-13 16:00:00,69.89549203017926,0.5536509843570403,119.95667489783965,222.0164279684521,0.0
2025-01-13 17:00:00,70.58663691654391,0.41015320182089626,131.0991855600536,221.22741929746266,0.0
2025-01-13 18:00:00,76.38832447894212,0.5028181157369128,106.06723059136183,210.64012397643887,0.0
2025-01-13 19:00:00,67.04214305582084,0.49908810033557965,98.16803381279612,207.23322122494034,0.0
2025-01-13 20:00:00,72.7354869058502,0.6085895565831578,105.3450564848055,235.22376249734748,0.0
2025-01-13 21:00:00,68.98903673783053,0.5474698232879953,108.87655425873837,199.9937265477645,0.0
2025-01-13 22:00:00,68.9115939838639,0.4974973041254856,96.79332374442808,176.362517491584,0.0
2025-01-13 23:00:00,75.49388425993595,0.5817766299200287,117.95211355912322,208.98947825664612,0.0
2025-01-14 00:00:00,74.12708174494014,0.6390207549017314,102.30070759191402,241.7209409907423,0.0
2025-01-14 01:00:00,74.06754818000319,0.5557810306351862,104.97743089091394,179.70481013628296,0.0
2025-01-14 02:00:00,76.52739403577165,0.501035261984338,106.65924252054461,192.7707446661203,0.0
2025-01-14 03:00:00,70.1050192081638,0.368816376764984,104.21586610614456,208.32892076202904,0.0
2025-01-14 04:00:00,73.40976485647482,0.39348863369246273,108.38940500469613,198.9219030198852,0.0
2025-01-14 05:00:00,68.44866621703272,0.46947752956453326,93.82746813453076,180.35392839245372,0.0
2025-01-14 06:00:00,71.62083176244221,0.4390487797840717,94.4169824605397,222.43715712460943,0.0
2025-01-14 07:00:00,69.34928472816158,0.4813028697014554,88.99845767028305,246.4008144403452,0.0
2025-01-14 08:00:00,70.48497982496359,0.5056649924897108,104.39501230620226,203.92262918047814,0.0
2025-01-14 09:00:00,72.97578512718457,0.5529692754356731,107.78936503512114,181.91863420528,0.0
2025-01-14 10:00:00,65.90889658383264,0.4929501221940909,104.57772866151886,169.0207894989305,0.0
2025-01-14 11:00:00,80.4619363784273,0.5486501643826202,116.74492433347538,205.1595196244236,0.0
2025-01-14 12:00:00,64.96991309250149,0.5064474414810121,99.94403981170953,222.07754686632515,0.0
2025-01-14 13:00:00,63.92905693606134,0.3024533433646128,106.68741655592513,209.50335492990763,0.0
2025-01-14 14:00:00,75.79055436750033,0.40606646061812457,89.08299123860685,199.95192318162293,0.0
2025-01-14 15:00:00,73.95831346981468,0.48559124442783846,96.12900297525599,188.21456696421387,0.0
2025-01-14 16:00:00,73.12059908526078,0.37903052571588924,106.95537757565778,178.15672734563822,0.0
2025-01-14 17:00:00,73.1417275463214,0.5599928729996204,108.49102110743144,216.69502652649766,0.0
2025-01-14 18:00:00,84.96752133642129,1.5898422153569771,75.10128657153481,316.5559239967559,1.0
2025-01-14 19:00:00,65.51372814257084,0.6218761851697316,99.28400748141934,169.08540426618532,0.0
2025-01-14 20:00:00,70.37902279096863,0.47865571290697917,84.82126253319191,231.79677956361368,0.0
2025-01-14 21:00:00,66.61419144243945,0.6490726136849952,96.42970799193391,211.48142441788002,0.0
2025-01-14 22:00:00,74.87559866708875,0.5148667457202112,108.90383163519786,227.99189290291588,0.0
2025-01-14 23:00:00,69.2647130924893,0.46629140288819604,105.75205016106567,173.1574450302977,0.0
2025-01-15 00:00:00,65.87251401603744,0.43865973364590605,105.00665721381209,172.68351689169123,0.0
2025-01-15 01:00:00,87.80057938407964,1.3801775359827517,85.38578976555132,282.54170455527463,1.0
2025-01-15 02:00:00,72.06465727137812,0.4611823181458771,100.07063158628176,210.05568853790388,0.0
2025-01-15 03:00:00,67.18137723598012,0.5170416222375488,93.39678860526553,235.92721645853928,0.0
2025-01-15 04:00:00,65.88889802216784,0.5160573981049864,106.98828420202534,214.12157827630264,0.0
2025-01-15 05:00:00,71.21843605745956,0.5003046020153414,104.20972944389389,195.14637446375934,0.0
2025-01-15 06:00:00,71.22483285554361,0.543693816974635,104.92018847992799,179.47261584668215,0.0
2025-01-15 07:00:00,67.46528412314436,0.6190646274786341,94.7396515733242,224.600011454383,0.0
2025-01-15 08:00:00,67.64480847190839,0.5949554135441324,78.46657080128756,180.7058914849857,0.0
2025-01-15 09:00:00,82.90806253553751,0.9922488543804693,89.63122782267557,303.51555233509237,1.0
2025-01-15 10:00:00,62.75957829251338,0.24460788650980453,95.21162543991596,194.3123070078698,0.0
2025-01-15 11:00:00,62.962681128117225,0.5934319911239274,91.37224235956879,231.811641452357,0.0
2025-01-15 12:00:00,66.40777889373783,0.36331213015845787,106.93478911913994,213.57862580118558,0.0
2025-01-15 13:00:00,68.93276424144076,0.47752345981073163,96.07987360080871,197.26009021115084,0.0
2025-01-15 14:00:00,71.55453782799002,0.38298869739406405,110.59936384046622,189.61207256347745,0.0
2025-01-15 15:00:00,77.37678108474776,0.31980195624199803,106.17005949576698,193.18184245307842,0.0
2025-01-15 16:00:00,74.2882981160101,0.5541462728204788,106.83569323200477,208.56633384750475,0.0
2025-01-15 17:00:00,69.20030735018287,0.5759155160302647,86.34044288799466,201.54312992435433,0.0
2025-01-15 18:00:00,69.90491896048655,0.44234895992732803,112.11943985386401,188.12377183862588,0.0
2025-01-15 19:00:00,64.98735317681096,0.240895770785509,102.61250531233856,196.68737179364734,0.0
2025-01-15 20:00:00,69.90743432003805,0.4453755551747517,96.30722860753797,201.571540594383,0.0
2025-01-15 21:00:00,68.5567068053993,0.5391804005402546,101.43388467342251,157.42531811170375,0.0
2025-01-15 22:00:00,71.61359280169044,0.3521088431225871,82.2376476710168,209.16336229577396,0.0
2025-01-15 23:00:00,65.86384528223839,0.5183359919779156,104.08652811480671,180.40557550566388,0.0
2025-01-16 00:00:00,72.59673257120586,0.4984690150827004,89.70628491817928,176.9333519358851,0.0
2025-01-16 01:00:00,77.66369456501289,0.5579291499601089,86.47329714156466,166.2531130577858,0.0
2025-01-16 02:00:00,86.65008081346392,1.3778944054846658,57.32731423963445,246.5236659454029,1.0
2025-01-16 03:00:00,72.0085586104947,0.40269310591184443,111.12688374989925,172.89104993775422,0.0
2025-01-16 04:00:00,73.45071995855557,0.6196571501664492,93.70736606307212,185.8195808473902,0.0
2025-01-16 05:00:00,67.99389764057082,0.484147042697303,115.337277099165,239.06518275053136,0.0
2025-01-16 06:00:00,71.12046240905208,0.4972695460490068,94.64198536947703,189.4824064820959,0.0
2025-01-16 07:00:00,70.06296200390898,0.4066732040926804,82.92642042407053,203.55500212536063,0.0
2025-01-16 08:00:00,70.48838049274416,0.455671774880849,88.8347556005134,208.00962773012657,0.0
2025-01-16 09:00:00,66.13495108072267,0.4115197285973099,112.35811620006939,202.621303724317,0.0
2025-01-16 10:00:00,70.12255087129472,0.4827053940076577,98.44101822063332,198.45113078548013,0.0
2025-01-16 11:00:00,72.48999145622724,0.6711708480142343,94.51712703509399,176.09412472801512,0.0
2025-01-16 12:00:00,77.2557180389752,0.36280988570686434,101.60018225852788,229.01855096558424,0.0
2025-01-16 13:00:00,74.79635413042604,0.33864386021232584,105.01782736167544,236.14393287275772,0.0
2025-01-16 14:00:00,90.93504028677386,1.5453123940592153,88.97123543009629,235.81631510088997,1.0
2025-01-16 15:00:00,66.16326218555976,0.4790676322848134,114.48499229892926,179.5194281822724,0.0
2025-01-16 16:00:00,74.36160318360339,0.43309272613400834,96.40231354210914,194.40379315245988,0.0
2025-01-16 17:00:00,70.91671002869175,0.6039904687396076,86.73952313917962,180.70924410179617,0.0
2025-01-16 18:00:00,80.94901466608836,0.4394384460263136,95.86534838876725,210.11931106911732,0.0
2025-01-16 19:00:00,65.95850857322424,0.6826009713546937,102.60280506582886,185.43455595186774,0.0
2025-01-16 20:00:00,65.80139078909612,0.5677925871339269,90.3624107378939,243.30112135613206,0.0
2025-01-16 21:00:00,67.0030367727799,0.45120885918542974,90.42849085104957,223.81097188687193,0.0
2025-01-16 22:00:00,59.380521378450965,0.7157308213265503,103.43787881549885,204.2514806126443,0.0
2025-01-16 23:00:00,67.3712248915962,0.4394285076996661,99.5134764842955,220.53972526639464,0.0
2025-01-17 00:00:00,66.20433669223151,0.5742095372009307,100.32796995411587,222.11800848714617,0.0
2025-01-17 01:00:00,70.75196893238103,0.5299292580406492,92.41504665299931,188.72105023883515,0.0
2025-01-17 02:00:00,71.70877987888579,0.6301741289398798,97.69599285794233,183.67565510916072,0.0
2025-01-17 03:00:00,79.38085419607943,0.6561511196726852,90.75766855731696,201.56286125939295,0.0
2025-01-17 04:00:00,74.75211919093024,0.5032004149065766,108.90198411124787,217.2327224899589,0.0
2025-01-17 05:00:00,67.11548172168798,0.42465821296538164,110.35249334723753,202.78120797306835,0.0
2025-01-17 06:00:00,65.50792664325822,0.5459972142939117,81.53812137761906,168.46007035618004,0.0
2025-01-17 07:00:00,72.45959585753253,0.4322284630247894,90.7048913980759,183.94351112098315,0.0
2025-01-17 08:00:00,63.39883396489679,0.7013387247526623,85.03470744909922,198.52054272811245,0.0
2025-01-17 09:00:00,79.15729382927177,0.5136535331082738,93.49976065593101,198.4866879134834,0.0
2025-01-17 10:00:00,75.89720060360644,0.4634678448687891,99.16562030209639,239.45084353579617,0.0
2025-01-17 11:00:00,67.65412173947648,0.5184680305864908,85.5035478030147,172.28024115202004,0.0
2025-01-17 12:00:00,61.434327354545616,0.36528737104703035,90.78140186874687,210.1117848367175,0.0
2025-01-17 13:00:00,76.76936187082707,0.40283859614893486,89.96042627918501,229.7822621665658,0.0
2025-01-17 14:00:00,69.42730077373692,0.6200413907944425,102.07267329398944,245.42899490845593,0.0
2025-01-17 15:00:00,76.1890815598673,0.4343105721028604,100.6934433703625,191.91205153632077,0.0
2025-01-17 16:00:00,62.02786170602816,0.39530890173180605,92.78262446662747,209.828589054404,0.0
2025-01-17 17:00:00,67.00312488523113,0.5536652752527286,101.76820872139398,211.39520714397293,0.0
2025-01-17 18:00:00,70.02621849859092,0.6185704154662997,94.53319915412735,203.9096346310658,0.0
2025-01-17 19:00:00,70.2349029688237,0.5718953310665067,97.28344889673947,198.0230959752139,0.0
2025-01-17 20:00:00,67.74967264260378,0.5996047685805816,116.73452090298537,208.71950779000093,0.0
2025-01-17 21:00:00,89.63706078992195,1.4224327376653734,95.34076349885754,203.2864138450942,1.0
2025-01-17 22:00:00,64.66189785308703,0.3578189333258156,87.00418763072402,213.64138980125261,0.0
2025-01-17 23:00:00,87.09509561660981,1.5581112599031521,80.34047983431668,271.3146190236364,1.0
2025-01-18 00:00:00,70.60147815855949,0.4677320161157864,108.11396554491591,195.55050206443468,0.0
2025-01-18 01:00:00,72.57219417029374,0.47491669835449524,88.51736711247382,240.93724391439116,0.0
2025-01-18 02:00:00,73.55807439044445,0.6328194141849058,108.1877764375486,186.50131962418897,0.0
2025-01-18 03:00:00,64.37678954081065,0.555623000940066,115.37931918412554,191.9384802186994,0.0
2025-01-18 04:00:00,62.329429146321885,0.5455887772081608,88.77455193755586,239.83106604409468,0.0
2025-01-18 05:00:00,76.38838410949255,0.7165002344901084,90.82497178985736,183.35877390300286,0.0
2025-01-18 06:00:00,71.66157005989795,0.4356481769619857,110.17661466843502,188.9976943412692,0.0
2025-01-18 07:00:00,66.25756731721724,0.5927840128081238,102.71495310825648,197.059491531383,0.0
2025-01-18 08:00:00,77.75575987761262,0.5057013124897084,105.51476275239523,216.814689642591,0.0
2025-01-18 09:00:00,70.57837317146429,0.5268592278863257,103.40589216400497,204.15605014706628,0.0
2025-01-18 10:00:00,75.89648592031914,0.6528468426412531,103.90695920928144,174.14749305695474,0.0
2025-01-18 11:00:00,70.33759240705055,0.5507835756289624,86.73527871688917,189.35662873745622,0.0
2025-01-18 12:00:00,80.30373962440993,0.5538296079049633,110.47317706621448,187.85291133575578,0.0
2025-01-18 13:00:00,78.77670421221602,0.6072507337309803,111.69589992427774,198.4555790955391,0.0
2025-01-18 14:00:00,68.75517925760464,0.46350472704571144,97.70609255931973,208.51687317259658,0.0
2025-01-18 15:00:00,74.85785475477178,0.41607903326609935,99.56523050186138,208.36411511775944,0.0
2025-01-18 16:00:00,73.22687974792574,0.39551908059789664,84.68892497444278,164.47976491903196,0.0
2025-01-18 17:00:00,76.84315778766174,0.30336434106239984,105.14254756017834,221.27881975121713,0.0
2025-01-18 18:00:00,65.17538269709948,0.7056207129940322,105.72057441714144,205.05137691993247,0.0
2025-01-18 19:00:00,73.43025729999219,0.3896791634278317,99.37808983000689,227.69064095187812,0.0
2025-01-18 20:00:00,75.29212243424794,0.4778746376414228,111.24353359870503,208.88396654581345,0.0
2025-01-18 21:00:00,61.20630256788443,0.47231867001110794,96.6592276902006,222.02645915471524,0.0
2025-01-18 22:00:00,64.08370743667112,0.5307406697809101,105.646059258936,209.33090622900255,0.0
2025-01-18 23:00:00,78.90580035264645,1.2707315248365596,68.70175038449877,281.88182073793615,1.0
2025-01-19 00:00:00,68.65296582777721,0.5860473488359745,99.76447849125762,210.44501272035558,0.0
2025-01-19 01:00:00,73.58771127897981,0.44169225614310614,98.25645742097164,198.04169507114193,0.0
2025-01-19 02:00:00,77.51178526048014,0.48328782862135883,102.25307922040942,245.44869440893763,0.0
2025-01-19 03:00:00,70.37047390209888,0.52825799504883,96.30473071166641,217.78074244559784,0.0
2025-01-19 04:00:00,78.14307772785646,0.4751308873816453,98.68527404328333,211.47488842008826,0.0
2025-01-19 05:00:00,63.099492708925546,0.6607345576019993,108.26047171441506,174.47391166923327,0.0
2025-01-19 06:00:00,61.48308780322422,0.5490974951638251,95.63235762761782,174.23384765072925,0.0
2025-01-19 07:00:00,69.72226150551691,0.5734877786049818,83.93422899261321,205.85430964283708,0.0
2025-01-19 08:00:00,71.92032724469654,0.5662881268667412,117.4958390420542,202.91042395536482,0.0
2025-01-19 09:00:00,82.8307575075606,1.1986029183972606,89.34137510676247,245.04796371783385,1.0
2025-01-19 10:00:00,59.66278949980062,0.5181021558703707,87.07737304894381,202.8196539922412,0.0
2025-01-19 11:00:00,69.55439980243605,0.37031680520441534,106.89707805245195,231.7725385608719,0.0
2025-01-19 12:00:00,63.47765249747573,0.5399687951752642,94.97025229448657,213.90804949100598,0.0
2025-01-19 13:00:00,73.3483627441502,0.4348643106208171,102.6348721533106,177.17982980494523,0.0
2025-01-19 14:00:00,71.83299123048424,0.4471383318250243,102.94224129013493,197.76982345714111,0.0
2025-01-19 15:00:00,65.30060106836322,0.5586364018755093,97.65592199683678,183.9006703829488,0.0
2025-01-19 16:00:00,67.43066541331653,0.6238283071433636,92.16234334413603,192.24600167182876,0.0
2025-01-19 17:00:00,64.70393239055524,0.5021271576736062,93.0945894768374,191.72768668740716,0.0
2025-01-19 18:00:00,69.68660451363414,0.5308833012598964,90.83808084518758,190.4470883479199,0.0
2025-01-19 19:00:00,74.77571160250619,0.6702214944635239,91.68177791769556,174.8972925605321,0.0
2025-01-19 20:00:00,65.07136976832228,0.5240753179488569,99.32821709950645,197.4469063696362,0.0
2025-01-19 21:00:00,72.52023257758923,0.7601683114180395,92.84240010889248,188.7878472630538,0.0
2025-01-19 22:00:00,67.3487119081378,0.5565509645631544,106.8205206571262,141.41102619995465,0.0
2025-01-19 23:00:00,66.03563583868828,0.3239237240844182,114.87246155335927,241.05944049003327,0.0
2025-01-20 00:00:00,69.46484820022721,0.5753341621104533,94.19946758629958,221.77539308433344,0.0
2025-01-20 01:00:00,64.82378838790314,0.5381158384882778,102.39404500535377,192.47398550150007,0.0
2025-01-20 02:00:00,67.23175347326409,0.6289752754082746,104.99685110302934,200.37638099481197,0.0
2025-01-20 03:00:00,80.63920841340241,1.1394741569707365,80.92649022748132,238.2831663361751,1.0
2025-01-20 04:00:00,79.82362566458195,0.4861544016016226,100.75955267916088,233.91445755621731,0.0
2025-01-20 05:00:00,83.92953121758879,1.0581782058589693,88.55231774668334,323.823843027889,1.0
2025-01-20 06:00:00,66.50137246003708,0.4790976742713975,104.82248952680658,203.1338745649305,0.0
2025-01-20 07:00:00,71.0698995536711,0.41494795457906997,87.62337577672702,220.4706128837069,0.0
2025-01-20 08:00:00,69.43835975154585,0.4419476550195277,108.69156064389273,203.50573557867847,0.0
2025-01-20 09:00:00,68.89515200233389,0.558857840442061,108.87290837266742,173.2654912224814,0.0
2025-01-20 10:00:00,73.07083350021712,0.6669904504351406,92.36713895821418,191.76353262072686,0.0
2025-01-20 11:00:00,73.78753855023652,0.5394671529822981,100.37937835447602,202.63855933543914,0.0
2025-01-20 12:00:00,67.34749426194736,0.38041169379648154,106.83328992811069,190.9090456251311,0.0
2025-01-20 13:00:00,67.1209087967766,0.5444602668220141,97.90686180420639,195.6269344512993,0.0
2025-01-20 14:00:00,68.62474151424178,0.6196631486645652,110.72978047766011,198.1720088498177,0.0
2025-01-20 15:00:00,58.49039417632208,0.43902170956806175,123.6387249461936,198.38243004269077,0.0
2025-01-20 16:00:00,62.42404468900724,0.4865982833327082,92.14013967365018,201.04516980994967,0.0
2025-01-20 17:00:00,76.83437133722262,0.5014688194729197,86.18955396846225,178.78789867206797,0.0
2025-01-20 18:00:00,78.22483856750642,0.421510168691776,103.03818595604876,185.65967701744128,0.0
2025-01-20 19:00:00,68.75481980221811,0.5648280433843859,107.21562505126144,174.3083146860006,0.0
2025-01-20 20:00:00,72.88278481527882,0.4879051851392218,97.69133626155231,219.556310993724,0.0
2025-01-20 21:00:00,71.55625077271768,0.5419532443907028,114.53260663321035,157.8870611631935,0.0
2025-01-20 22:00:00,85.3944040422762,0.41125078221979,86.61394200276752,223.0718068663385,0.0
2025-01-20 23:00:00,75.59787455717289,0.45625416996765894,106.9291862303161,227.72698794525687,0.0
2025-01-21 00:00:00,69.36041204259617,0.5722381357827772,93.94139179241107,193.95638826034758,0.0
2025-01-21 01:00:00,65.22229779699788,0.4627166847908233,117.19377906207296,147.93725824345404,0.0
2025-01-21 02:00:00,61.96776839871214,0.6726963851233405,119.92515353168119,192.77378876065418,0.0
2025-01-21 03:00:00,71.01731817933612,0.46003638143853975,92.33343412216652,198.71631677422363,0.0
2025-01-21 04:00:00,66.21824627357849,0.5224684725751886,94.5044286409142,179.78803560142174,0.0
2025-01-21 05:00:00,62.888731452011626,0.593259083187309,108.59587886979801,189.69563212383514,0.0
2025-01-21 06:00:00,66.76713557878736,0.3581634267066968,96.12869350210485,230.60390397726704,0.0
2025-01-21 07:00:00,64.59225998192802,0.32391911880192237,99.54588782067762,213.29854324603482,0.0
2025-01-21 08:00:00,78.43570817536282,0.3474343685429905,100.2538842054241,181.508717712438,0.0
2025-01-21 09:00:00,74.40819878474726,0.6262584103427182,80.80326843802344,168.04801660809136,0.0
2025-01-21 10:00:00,69.96013679341691,0.44481418541075535,99.86162253905762,193.45965364780457,0.0
2025-01-21 11:00:00,97.05420704045633,1.302599632022993,70.71721652883953,246.71343855033362,1.0
2025-01-21 12:00:00,70.38684153823809,0.44357524013426114,95.06877177600228,209.92398374726633,0.0
2025-01-21 13:00:00,65.69357899335868,0.5184551303197037,114.43632003468814,189.29366574864682,0.0
2025-01-21 14:00:00,77.61562038634828,0.6542109952567876,87.43493105720744,210.22999150723723,0.0
2025-01-21 15:00:00,72.69455021842329,0.7006092888159123,108.13205186747977,238.70308080120458,0.0
2025-01-21 16:00:00,64.81376922836772,0.7061503576636398,97.21037069668192,216.31002044888524,0.0
2025-01-21 17:00:00,69.04830660958196,0.6208366230593143,97.20239831504166,199.03822985338454,0.0
2025-01-21 18:00:00,65.62190873307621,0.6024062525811462,107.90371896051711,196.3369905789341,0.0
2025-01-21 19:00:00,63.08600134517832,0.5592526949201183,103.4005129456889,192.86653731640257,0.0
2025-01-21 20:00:00,74.63088773765821,0.5778361076166638,105.70612997219531,223.6128182490429,0.0
2025-01-21 21:00:00,79.54708320235065,0.44488142836714667,109.68184660532862,187.45373108097394,0.0
2025-01-21 22:00:00,63.00716213090429,0.41818011165776925,96.68691616816677,200.90445417999965,0.0
2025-01-21 23:00:00,72.81484618345286,0.49966255425890477,93.8776326549225,201.0239580376217,0.0
2025-01-22 00:00:00,66.74678715439086,0.4829815377475072,89.14849473442202,189.96431614376937,0.0
2025-01-22 01:00:00,67.56437308117651,0.4546771950672725,91.74589470021044,172.55068904231797,0.0
2025-01-22 02:00:00,67.03803037880566,0.5696387447456716,129.49094425308726,206.45949007235336,0.0
2025-01-22 03:00:00,65.68004615160092,0.595530520857051,112.44679580736786,198.77992056289233,0.0
2025-01-22 04:00:00,70.24260813972414,0.5088406886291847,86.48925633791978,210.0048093887314,0.0
2025-01-22 05:00:00,65.84524941794481,0.6477530081055262,86.7754204325643,189.32799387121668,0.0
2025-01-22 06:00:00,71.3522841288992,0.3858310885866495,104.81866061718492,224.41642597626097,0.0
2025-01-22 07:00:00,88.84445372655733,1.2783414548820824,83.18436388093548,269.09515933778306,1.0
2025-01-22 08:00:00,68.80525976566796,0.4283177679397195,105.48883835317365,234.24080568035785,0.0
2025-01-22 09:00:00,65.462181689792,0.313346338292694,97.45044206446302,165.04726980343477,0.0
2025-01-22 10:00:00,67.11614334715834,0.4917319314157301,98.745457399971,208.6954012911378,0.0
2025-01-22 11:00:00,73.77695612912878,0.48782524916167164,103.27879524159357,209.50861365053248,0.0
2025-01-22 12:00:00,72.5045859381219,0.6513449743242131,100.85893006293331,184.08885864118236,0.0
2025-01-22 13:00:00,65.11222377600724,0.5630811684554777,77.80699627252466,208.48787875722024,0.0
2025-01-22 14:00:00,83.02503553404902,0.9577703923198464,71.71871559956473,324.81916821400887,1.0
2025-01-22 15:00:00,73.75693561685894,0.6854092566334189,91.48593565739687,155.6636232129187,0.0
2025-01-22 16:00:00,61.652973594393146,0.6221033695525353,101.75211418908512,210.0548961498163,0.0
2025-01-22 17:00:00,72.71680096189968,0.5582097703468616,129.8525900260341,150.13458359339845,0.0
2025-01-22 18:00:00,84.06119561954199,1.0056643688037958,82.0344111252315,234.89735448839076,1.0
2025-01-22 19:00:00,72.8529933429658,0.404056076327652,96.86470313827603,232.5833272980189,0.0
2025-01-22 20:00:00,66.18370421728741,0.4627793223928947,109.21801501977252,188.36435933215893,0.0
2025-01-22 21:00:00,60.9755894966774,0.6088748619704186,104.82687887209212,176.52240071182055,0.0
2025-01-22 22:00:00,61.862287810584185,0.6884586305934609,104.20094490451841,196.04124542030635,0.0
2025-01-22 23:00:00,70.24042473330691,0.6543243528272189,106.06850593215671,241.35812676327106,0.0
2025-01-23 00:00:00,71.2986125086074,0.45111505782137257,120.56543564829542,163.36635505587947,0.0
2025-01-23 01:00:00,65.47841687447796,0.38803825667109887,88.69111564674084,178.9738017672131,0.0
2025-01-23 02:00:00,73.19296229388686,0.5140886246911204,104.73632076811454,229.94863366359252,0.0
2025-01-23 03:00:00,61.6923996886552,0.32315606344371484,90.73618870018461,237.15404687075466,0.0
2025-01-23 04:00:00,69.66960100676341,0.5323167714184781,105.55512646342248,197.93137551419431,0.0
2025-01-23 05:00:00,63.94491900118771,0.48523974137013315,90.81313488513905,175.21894594946716,0.0
2025-01-23 06:00:00,66.7408194609892,0.4533963498131758,95.82633186394915,241.91687003618318,0.0
2025-01-23 07:00:00,70.23699335658208,0.34052969327332044,97.04910085762094,231.88884783498395,0.0
2025-01-23 08:00:00,65.69793317358024,0.5513600106569716,109.7581671934471,213.57893975524465,0.0
2025-01-23 09:00:00,68.07722227885087,0.44672991603380885,109.18454443942414,183.7519530212516,0.0
2025-01-23 10:00:00,75.0314640460722,0.3830083164289712,87.54282623553615,199.01941318323927,0.0
2025-01-23 11:00:00,67.11554065238425,0.21277377867183506,100.5493411099985,196.79279837910337,0.0
2025-01-23 12:00:00,74.1784605603257,0.4972485094949364,92.90420145250827,206.61702609231156,0.0
2025-01-23 13:00:00,64.35146572671191,0.6772251596669744,87.41495089324665,229.02002876262674,0.0
2025-01-23 14:00:00,72.64902088957642,0.666125921454787,97.8298294957563,217.58834082274805,0.0
2025-01-23 15:00:00,77.2078431032895,0.4542903743413728,96.9151721154418,178.45247846030483,0.0
2025-01-23 16:00:00,57.641777499363556,0.4397787939638219,124.26716486345522,227.52992900039075,0.0
2025-01-23 17:00:00,66.01552372264761,0.5468774256075024,104.32959825360696,206.2626428002631,0.0
2025-01-23 18:00:00,72.8853606359027,0.4001614560811708,86.22382499245762,213.74131591717833,0.0
2025-01-23 19:00:00,68.98477306978504,0.5301791899819466,94.35225995829057,229.33081718557207,0.0
2025-01-23 20:00:00,71.85572936685655,0.5766080278384691,110.21383295429399,177.76839500972898,0.0
2025-01-23 21:00:00,66.9800740664209,0.6226933223884308,120.88442772869925,199.28348842587073,0.0
2025-01-23 22:00:00,70.4329489373645,0.4899845923520047,84.14016687762042,189.3709089728157,0.0
2025-01-23 23:00:00,69.2216138230396,0.4796326249823034,81.20075614860954,168.6428114926909,0.0
2025-01-24 00:00:00,75.83891030829903,0.4122017413243439,118.70965175371782,206.9341995520984,0.0
2025-01-24 01:00:00,71.27210421650607,0.417311964596014,103.89614177370903,250.23113103168848,0.0
2025-01-24 02:00:00,71.68801331037601,0.4773521108098473,91.31707268123634,163.19844510988494,0.0
2025-01-24 03:00:00,67.94061516938767,0.5367365506816179,105.34629086122435,199.35438777901058,0.0
2025-01-24 04:00:00,67.56196887963753,0.5913584626233249,73.64252260983122,212.81085870149548,0.0
2025-01-24 05:00:00,67.8372090609019,0.4196821049319655,100.0337550659716,202.46156403312364,0.0
2025-01-24 06:00:00,71.97226071189148,0.6492688568959522,103.27821172843085,197.73743894968518,0.0
2025-01-24 07:00:00,67.89507759589868,0.4728876398957431,109.2427013953783,174.01567273108353,0.0
2025-01-24 08:00:00,71.44887428448206,0.4978632705651564,89.86104047707462,204.65573485880327,0.0
2025-01-24 09:00:00,80.37700399322719,0.42527883208521766,100.8568716140336,184.86472045968148,0.0
2025-01-24 10:00:00,74.35562351715846,0.2575759739727058,90.74575373940412,156.20156590042893,0.0
2025-01-24 11:00:00,68.3698823391608,0.588404539636105,102.55383755674318,223.89184441027462,0.0
2025-01-24 12:00:00,76.00606961081972,0.5736843897092433,91.04653677636976,219.16771639684086,0.0
2025-01-24 13:00:00,67.95962313489224,0.47186724428817867,95.91899160839779,201.0332195370216,0.0
2025-01-24 14:00:00,59.80937732411073,0.5066990717224872,90.04184605209771,204.58149376411404,0.0
2025-01-24 15:00:00,64.95956844541298,0.55159392177041,106.51136241823657,221.48636025431122,0.0
2025-01-24 16:00:00,60.646040394870724,0.34374541431134575,108.58451116656666,204.48679313556164,0.0
2025-01-24 17:00:00,68.24243257979346,0.4470947322653705,97.65379430042586,218.0803510952263,0.0
2025-01-24 18:00:00,70.09209189594776,0.5794264679621828,100.38237994960028,194.050355982523,0.0
2025-01-24 19:00:00,78.38218656137641,0.3745710576830751,85.51408585366455,226.23967477147892,0.0
2025-01-24 20:00:00,71.63463686882082,0.5293557932166629,97.00323351993212,206.4157145186537,0.0
2025-01-24 21:00:00,68.90449735595568,0.3643418195376595,99.49795382958256,203.88103887211747,0.0
2025-01-24 22:00:00,74.14702790591744,0.5466429982433526,126.20793091029975,174.59877822575936,0.0
2025-01-24 23:00:00,58.944323454960575,0.4964358517702516,88.88032974225837,205.73911708603418,0.0
2025-01-25 00:00:00,71.17807279054283,0.33848681840944905,114.64177238752437,183.36090165011097,0.0
2025-01-25 01:00:00,84.85587594450251,1.5963467961767017,86.82448106731817,245.21766293778765,1.0
2025-01-25 02:00:00,62.60706877110079,0.42654084232019507,102.80636404490136,183.69248743367757,0.0
2025-01-25 03:00:00,75.71877021603464,0.4189747562985619,117.58620484195134,178.6753013620155,0.0
2025-01-25 04:00:00,71.69248203747208,0.5200569197230943,103.72105472606863,242.49542806033924,0.0
2025-01-25 05:00:00,67.923560430496,0.6148637349428715,103.89159195667929,226.62678123976806,0.0
2025-01-25 06:00:00,73.16390933053142,0.3984178181021603,99.46879346982455,238.40735004288524,0.0
2025-01-25 07:00:00,81.35346428902199,0.5061679849847972,112.23568882418627,175.54209960888872,0.0
2025-01-25 08:00:00,70.90933127529247,0.5428816500330573,110.96469233810883,201.42507499821784,0.0
2025-01-25 09:00:00,71.24110293150169,0.5693105607263144,93.74322712503788,174.12984749591809,0.0
2025-01-25 10:00:00,67.70319550229878,0.5176441555277225,86.80752805401232,186.0861024560587,0.0
2025-01-25 11:00:00,65.75077815267605,0.46329721609166774,97.97019362604343,181.6374603316685,0.0
2025-01-25 12:00:00,74.15167908272123,0.41724097793512804,91.99961435602353,224.79168012883122,0.0
2025-01-25 13:00:00,65.71958087045566,0.5086143883046375,99.36475425384644,192.0754064379648,0.0
2025-01-25 14:00:00,70.35783118609696,0.39278609880143933,112.37438134684139,221.36758667388034,0.0
2025-01-25 15:00:00,67.61171276617442,0.20786495165053925,95.4269834491321,212.08241779177035,0.0
2025-01-25 16:00:00,90.0161953332352,1.1269252371644018,77.74084260816514,316.3893865902842,1.0
2025-01-25 17:00:00,71.66831052643474,0.5903934841086196,100.58022734808395,170.41111553720552,0.0
2025-01-25 18:00:00,75.18769972128949,0.26370675644581615,108.48430882205284,225.18466479573598,0.0
2025-01-25 19:00:00,67.44991800572626,0.39902692952900626,77.53110666015395,222.92881740801454,0.0
2025-01-25 20:00:00,68.65062532353315,0.5619154261005198,93.93299705234703,180.53242323945932,0.0
2025-01-25 21:00:00,65.10618142108846,0.7057495469711699,102.11283692279473,220.1426667294632,0.0
2025-01-25 22:00:00,67.77853369961944,0.5020793707675408,112.00078956426862,206.72289926052457,0.0
2025-01-25 23:00:00,71.88650246522425,0.42719970587708656,95.08097552493795,195.45047480093186,0.0
2025-01-26 00:00:00,73.78494308322676,0.481710355889516,81.23447293958125,183.52129026056002,0.0
2025-01-26 01:00:00,65.38917337911187,0.6374876419148185,106.19711445966136,185.61781097101627,0.0
2025-01-26 02:00:00,74.3480296005283,0.4354035820875465,93.6463761117437,240.9962419157185,0.0
2025-01-26 03:00:00,76.77818929402476,0.42008079933497466,88.1033334090964,200.01365637914967,0.0
2025-01-26 04:00:00,72.0671745161185,0.45172564778179675,93.75654610286776,215.64260003062918,0.0
2025-01-26 05:00:00,79.38397906279033,0.4046671391741288,98.15474642344151,184.18201236664893,0.0
2025-01-26 06:00:00,66.13105400448214,0.5122670315994795,93.95255335461788,184.4029410755672,0.0
2025-01-26 07:00:00,63.776726483442914,0.6624678458469561,77.9443394290093,221.63969618499885,0.0
2025-01-26 08:00:00,61.10639875547861,0.5323079273116029,108.97066196887133,173.00847576896936,0.0
2025-01-26 09:00:00,77.48022155744592,0.47476464978737126,112.74875041278722,191.69572464189457,0.0
2025-01-26 10:00:00,73.27182828177028,0.4708188731084456,106.51521991339506,200.68054822144464,0.0
2025-01-26 11:00:00,69.72207664544773,0.3436809191303343,88.62314329575183,202.22745203680105,0.0
2025-01-26 12:00:00,71.3998431315991,0.588310977714716,97.98508466052482,196.41813429967686,0.0
2025-01-26 13:00:00,64.37255476350812,0.4922162802987198,99.93478684770542,207.91639562191847,0.0
2025-01-26 14:00:00,82.22875989808414,0.48195200864093746,105.9879438956191,213.85711511635623,0.0
2025-01-26 15:00:00,70.64610590987614,0.8193107567844862,106.68340488718081,214.6927509091866,0.0
2025-01-26 16:00:00,70.54697397302446,0.5298752908365686,92.65826201221505,180.28392382664347,0.0
2025-01-26 17:00:00,73.62883311949346,0.4248208949904816,100.8199555641356,194.31689804142405,0.0
2025-01-26 18:00:00,72.40504615868356,0.4573642403794457,104.57280404615241,223.89525723753874,0.0
2025-01-26 19:00:00,71.11942012139566,0.6148445709196755,114.55822322146767,217.89294375147745,0.0
2025-01-26 20:00:00,66.04762772277344,0.5113270410537765,107.04506539824723,172.54281097037872,0.0
2025-01-26 21:00:00,72.35734178567998,0.3561722021682633,107.89056687375519,207.02959800704403,0.0
2025-01-26 22:00:00,79.41012248237517,0.5919228934575204,100.8382662792936,160.4354950125038,0.0
2025-01-26 23:00:00,76.7271002307749,0.4331855914461006,114.10459145203504,200.9386980412074,0.0
2025-01-27 00:00:00,77.96593313319698,0.6873297776217546,104.09762795959497,237.95534033491953,0.0
2025-01-27 01:00:00,87.08745395820394,1.2680128631151608,62.10516068026371,265.054680071139,1.0
2025-01-27 02:00:00,65.0519758987071,0.4552678104341249,114.0336997012519,183.31353909016835,0.0
2025-01-27 03:00:00,69.37106539950176,0.6281016361735113,106.97903272539028,215.2805956314572,0.0
2025-01-27 04:00:00,70.27862456144348,0.5067855510527404,95.56955978871518,169.14396969580707,0.0
2025-01-27 05:00:00,75.47095759235474,0.5852773675122219,95.20507032600757,187.34489940229923,0.0
2025-01-27 06:00:00,61.5376768514259,0.5484732817294475,102.96575545140762,211.92882275163504,0.0
2025-01-27 07:00:00,77.64775159730307,0.41536433450091265,104.63184795267584,187.31428304621193,0.0
2025-01-27 08:00:00,69.20996050710505,0.4356450167682538,101.97292265631206,195.28060025578057,0.0
2025-01-27 09:00:00,67.8655946502629,0.6029960817581161,103.11308673442885,214.88371420630068,0.0
2025-01-27 10:00:00,64.93947812369916,0.4665224667893459,116.9995737457638,208.43092167073124,0.0
2025-01-27 11:00:00,61.72571664067115,0.4596351536758003,110.71543152234887,205.33636792590804,0.0
2025-01-27 12:00:00,74.11585291980957,0.4044877420650647,101.90635591265024,193.21755441459922,0.0
2025-01-27 13:00:00,70.36658983594202,0.5423599065593461,109.41310580767484,207.40122230537912,0.0
2025-01-27 14:00:00,63.55019550129473,0.7062524919243145,89.67476096472461,197.52534639800487,0.0
2025-01-27 15:00:00,63.52460613968192,0.3932467085745727,103.97927049946809,209.1561121985157,0.0
2025-01-27 16:00:00,68.32107650354936,0.5024219456672758,118.0930634973311,190.06135949764044,0.0
2025-01-27 17:00:00,78.34510762644696,0.6412220555415429,97.81954104607627,196.34862051240918,0.0
2025-01-27 18:00:00,68.70204324318198,0.4920358608754285,91.52366071380915,180.20084414895973,0.0
2025-01-27 19:00:00,62.48428523440947,0.5452371796249734,93.4791111140694,199.2998477998753,0.0
2025-01-27 20:00:00,68.77128467957027,0.393760647185312,89.10366962657612,183.7799827274231,0.0
2025-01-27 21:00:00,68.63638215126164,0.5428307097207649,92.15238091872297,177.71907099676014,0.0
2025-01-27 22:00:00,56.515566785292144,0.48128557349954515,96.2949190140997,205.17322295710775,0.0
2025-01-27 23:00:00,69.72852566741093,0.5985729995679863,85.94432980821358,204.2547955171532,0.0
2025-01-28 00:00:00,68.84532734895662,0.6187386051564752,100.15618333949602,215.65747469897144,0.0
2025-01-28 01:00:00,73.48103182406709,0.7589563642018614,109.02277173786648,191.37748860849803,0.0
2025-01-28 02:00:00,79.24478047472672,0.5579633173213576,90.9224381985308,208.16105693673512,0.0
2025-01-28 03:00:00,75.63282514773879,0.5325796316582166,115.19283923641768,211.01595144547326,0.0
2025-01-28 04:00:00,68.65555654722584,0.5194384301577336,105.10792088527595,208.8954761566319,0.0
2025-01-28 05:00:00,64.46737045629165,0.4646833707189312,110.30580585624057,183.48692634395715,0.0
2025-01-28 06:00:00,82.8667990162493,0.5338483843461691,93.42165446147862,202.98726964542377,0.0
2025-01-28 07:00:00,70.29609217007244,0.47045985898609705,108.54525227066615,207.28280592109323,0.0
2025-01-28 08:00:00,70.06964645956474,0.5168460976269614,89.08066099604687,200.14356933815884,0.0
2025-01-28 09:00:00,69.87937456444999,0.631759753560796,108.90247500836509,158.2704468325783,0.0
2025-01-28 10:00:00,70.99042380383928,0.3993457434720359,101.71839339793532,203.2097924794696,0.0
2025-01-28 11:00:00,69.27819794038028,0.6139878561129045,105.53251219984784,244.25062078794485,0.0
2025-01-28 12:00:00,67.13168996559882,0.6317115067339866,88.24405394375148,192.79921462486035,0.0
2025-01-28 13:00:00,67.26570529379804,0.48819314730089214,91.04930157723395,185.4384580428936,0.0
2025-01-28 14:00:00,69.83623364892001,0.2878145100991405,105.97228218253385,207.46697119422797,0.0
2025-01-28 15:00:00,67.28287614433117,0.43921780129055676,90.51651995775799,206.24756420933144,0.0
2025-01-28 16:00:00,66.43577108661418,0.629699454656111,104.63206292099123,223.85470330832828,0.0
2025-01-28 17:00:00,70.53215113845948,0.4977131937701118,86.32862193539754,174.84263688182224,0.0
2025-01-28 18:00:00,68.72511391289572,0.4000697767705089,108.48174212666669,214.62760505149984,0.0
2025-01-28 19:00:00,77.51996494291345,0.44952250787717823,87.67476685231492,211.80844122502927,0.0
2025-01-28 20:00:00,56.74515095803494,0.5840620026504553,105.52299937679523,197.15706926118906,0.0
2025-01-28 21:00:00,75.45753425961232,0.554673356820138,106.25630933646,206.7737463584338,0.0
2025-01-28 22:00:00,76.23042596248814,0.4761067900830306,93.03228181570425,220.58914963196713,0.0
2025-01-28 23:00:00,59.63304883795925,0.46331755881853126,105.82026567084726,217.446307600569,0.0
2025-01-29 00:00:00,68.28656202959826,0.4608241850956178,102.60442263333556,177.13961375852543,0.0
2025-01-29 01:00:00,68.14279567002104,0.4077589815501497,94.61158143807262,216.4031637351097,0.0
2025-01-29 02:00:00,62.96244152641089,0.6615375689469442,89.91445315923792,198.70622789934964,0.0
2025-01-29 03:00:00,66.11091656204562,0.467767953078866,80.3737430832742,201.4574819603103,0.0
2025-01-29 04:00:00,64.44712077267086,0.6217158520825496,103.49650047299694,201.4639398200339,0.0
2025-01-29 05:00:00,78.76135221711812,0.6521316051922451,84.35197228637945,196.9951402240348,0.0
2025-01-29 06:00:00,74.6783919657373,0.599831089814796,100.95344199441308,223.8341499421413,0.0
2025-01-29 07:00:00,76.3577754749708,0.45683796872819515,97.36551783917751,198.32564080301577,0.0
2025-01-29 08:00:00,73.60836032021618,0.5403730090336609,106.79142775438196,177.60907743233662,0.0
2025-01-29 09:00:00,64.35474114391386,0.4975804393609084,96.97954500510136,192.12940288060543,0.0
2025-01-29 10:00:00,67.37739866860113,0.40962981392698716,96.70552213652908,203.57389433620952,0.0
2025-01-29 11:00:00,72.4468728061396,0.5324359281721603,107.31870704288295,224.58429568594102,0.0
2025-01-29 12:00:00,63.88936095554027,0.3820960208840197,103.35058029084118,212.06189369897666,0.0
2025-01-29 13:00:00,73.56499215086194,0.6187679388461564,103.16155957182778,182.98929442505911,0.0
2025-01-29 14:00:00,68.79837300920933,0.4535382702701607,104.69267589808527,249.70379833357782,0.0
2025-01-29 15:00:00,68.12589596225202,0.5201159655872839,84.64427876792894,205.2955062195596,0.0
2025-01-29 16:00:00,73.55479984101746,0.5283287871546142,107.56788679986983,225.5078147599803,0.0
2025-01-29 17:00:00,72.2213165574302,0.4741095026295923,106.12468794013603,196.96571132845543,0.0
2025-01-29 18:00:00,68.1951691709046,0.5586693801475274,89.83316871423503,210.667184894109,0.0
2025-01-29 19:00:00,75.79664901682123,0.45250963433774755,97.55919526325799,216.7893700903681,0.0
2025-01-29 20:00:00,64.59468336200051,0.5871297297457244,99.6069271237237,224.36389423508513,0.0
2025-01-29 21:00:00,73.07967803472133,0.36540203197532517,98.65503215598267,221.1473661075645,0.0
2025-01-29 22:00:00,72.96550628984193,0.5126379579546412,103.33859966568535,217.44394000145957,0.0
2025-01-29 23:00:00,68.45226780343005,0.6938928999058285,114.31366781831184,193.69826537611783,0.0
2025-01-30 00:00:00,71.63066511121059,0.39996686753944255,110.81766727672829,188.56507916087878,0.0
2025-01-30 01:00:00,63.74443211807348,0.43222550294751483,86.87780806568594,206.65215020648395,0.0
2025-01-30 02:00:00,74.6201350960345,0.5513907849658914,106.22069990306049,218.66256144682137,0.0
2025-01-30 03:00:00,69.07548931778506,0.5179581781939598,113.28933319535409,195.54558598446786,0.0
2025-01-30 04:00:00,67.38638489740481,0.5350630099273559,103.86808520689203,221.30343931428774,0.0
2025-01-30 05:00:00,75.24504612918444,0.5489187130147664,110.90980425185967,229.05233490972358,0.0
2025-01-30 06:00:00,66.4782815472862,0.563472146856177,120.12270445700764,181.6735816185316,0.0
2025-01-30 07:00:00,62.957693518182204,0.6109699841956223,110.23709546106981,183.2615859240744,0.0
2025-01-30 08:00:00,62.21685413238048,0.5409818656928512,102.49308595641729,197.19249882189328,0.0
2025-01-30 09:00:00,73.0300497567282,0.47587423453814576,110.45088474084753,206.15225336378393,0.0
2025-01-30 10:00:00,63.597853237518585,0.5672573701202731,101.44887833096891,189.50865972465897,0.0
2025-01-30 11:00:00,78.77397090992183,0.6899881934895216,100.23903043284956,227.04405357734288,0.0
2025-01-30 12:00:00,59.59035296058139,0.48673662536174267,96.48585764286267,208.48133723036904,0.0
2025-01-30 13:00:00,78.48228184145019,0.40254706953293584,115.63413358832108,200.7889409648148,0.0
2025-01-30 14:00:00,71.05508733601309,0.6107080669286973,91.81571334057999,171.28180952262946,0.0
2025-01-30 15:00:00,69.51643444064804,0.48796188360464016,115.32367724678116,173.68368367144984,0.0
2025-01-30 16:00:00,67.27540456595526,0.28273304539859634,104.99864123740372,205.62018500563613,0.0
2025-01-30 17:00:00,71.99568057176036,0.5847421677150422,86.00693825198059,157.3480874769033,0.0
2025-01-30 18:00:00,69.81182648787576,0.4464671814046077,103.67649292991422,220.25274819288143,0.0
2025-01-30 19:00:00,75.5165094100826,0.4909466717695839,78.99973492348376,196.8369231125536,0.0
2025-01-30 20:00:00,70.5711382433102,0.5331980330569015,106.25508016831036,264.86185939189465,0.0
2025-01-30 21:00:00,70.75150880730939,0.5190499679779066,108.8523148298899,246.15832501232222,0.0
2025-01-30 22:00:00,68.18193893893073,0.570945181713904,94.07644044347947,196.37101861504968,0.0
2025-01-30 23:00:00,69.71527188139466,0.4564513629430157,101.23547695955583,197.8732599493737,0.0
2025-01-31 00:00:00,71.5390088444603,0.5513105798176082,119.54157433750287,219.91163028004058,0.0
2025-01-31 01:00:00,61.449158036716874,0.4740453322416083,94.94253295738064,234.06345219836075,0.0
2025-01-31 02:00:00,63.25907288947143,0.5738810480887503,89.410924129434,167.23941885127965,0.0
2025-01-31 03:00:00,73.71632047011357,0.5615367484013053,114.81663402462598,164.27249069290627,0.0
2025-01-31 04:00:00,70.85432719063971,0.40645612979554047,119.62587190530795,187.55930388891238,0.0
2025-01-31 05:00:00,69.0800833182366,0.6085982116175033,100.03695671847848,211.6547516634773,0.0
2025-01-31 06:00:00,70.09216966532696,0.4464036554885952,110.11463035408356,209.93747181015195,0.0
2025-01-31 07:00:00,71.73790852680835,0.5808057798281145,113.41475915530881,221.39542909967702,0.0
2025-01-31 08:00:00,67.30120159845319,0.5367287313401341,92.57515767461616,176.00604943269383,0.0
2025-01-31 09:00:00,66.10847637298843,0.6838183676795122,95.14694164632132,153.67712274062245,0.0
2025-01-31 10:00:00,70.9792262754884,0.4776534017628148,112.30874513154735,217.1602839060429,0.0
2025-01-31 11:00:00,65.10813611192484,0.46506832038818025,116.85014278708509,183.4360745406953,0.0
2025-01-31 12:00:00,72.04126377857236,0.4980580394112267,105.62880860174354,159.63024271222724,0.0
2025-01-31 13:00:00,61.4870819788108,0.4696820217165725,91.20185646497946,202.90127491918764,0.0
2025-01-31 14:00:00,75.14577818662822,0.579994190194205,119.87061111699441,215.86351376437355,0.0
2025-01-31 15:00:00,86.74063796194649,1.1532107367859425,79.39069703320993,258.5823814075429,1.0
2025-01-31 16:00:00,71.28014867156938,0.3946317580853646,96.64862218828549,190.84303227635021,0.0
2025-01-31 17:00:00,74.91345491972757,0.3932197078420807,103.42337834489622,196.81275535708187,0.0
2025-01-31 18:00:00,78.32737222231289,0.5950307591973576,115.54160420714774,192.58834475198435,0.0
2025-01-31 19:00:00,75.07185032509065,0.6710613372581925,108.53975976552223,173.03905776119666,0.0
2025-01-31 20:00:00,60.795628843341774,0.4895550781462529,104.1486550036191,185.70638646019137,0.0
2025-01-31 21:00:00,63.60211516632149,0.4831178276809989,104.63288530118106,210.4255981002763,0.0
2025-01-31 22:00:00,66.8759071115216,0.5070052163113181,100.43514668643466,206.43357082753,0.0
2025-01-31 23:00:00,89.49222089271922,1.6092762289026665,82.81116491155727,299.69046528025547,1.0
2025-02-01 00:00:00,72.58829510234561,0.4072646865809426,74.70439922305697,180.0970303629324,0.0
2025-02-01 01:00:00,66.37128093423267,0.5238368982734785,97.03392540930201,196.36993675728667,0.0
2025-02-01 02:00:00,70.9338338223854,0.5975197629782429,102.4132193491678,156.45869907114292,0.0
2025-02-01 03:00:00,66.22308533823339,0.5501094169939845,88.48985916380494,203.5695332777078,0.0
2025-02-01 04:00:00,66.94241098504025,0.5189581616598743,103.86323317811559,228.57715415627135,0.0
2025-02-01 05:00:00,62.96669451575889,0.6001046092567142,97.95528779013878,170.51735735915787,0.0
2025-02-01 06:00:00,65.38383376944547,0.22967677070007625,117.5547569831549,188.2814465336449,0.0
2025-02-01 07:00:00,63.241576971918334,0.5677875319530907,115.73019725214857,206.5821355742026,0.0
2025-02-01 08:00:00,65.12063373511333,0.4345924316872576,95.34194430881837,225.05685268854967,0.0
2025-02-01 09:00:00,75.2682089830392,0.31693671031435433,98.49162288433304,191.03550767399702,0.0
2025-02-01 10:00:00,65.25300555584029,0.551120259952498,99.26052434391607,186.15499341468208,0.0
2025-02-01 11:00:00,83.16191032418695,0.6373658545162958,95.48340523840378,160.62153715167835,0.0
2025-02-01 12:00:00,72.46658950440445,0.48625514853723084,101.95024984028127,202.06876258616214,0.0
2025-02-01 13:00:00,70.92418061847437,0.5952874547202939,92.4171793111241,240.84152080287487,0.0
2025-02-01 14:00:00,65.70821109909393,0.6612278257988645,88.69384665062474,205.5471692392935,0.0
2025-02-01 15:00:00,73.50154939704495,0.6314914453584047,106.22711223900268,199.55442041632574,0.0
2025-02-01 16:00:00,67.12181086881112,0.6639964529371393,106.29529584221811,206.44164621533972,0.0
2025-02-01 17:00:00,70.6100490732268,0.5742127491071892,91.95684240340007,199.77815992102796,0.0
2025-02-01 18:00:00,82.80042269134397,0.5075433638901593,108.95355430762599,183.7397125547974,0.0
2025-02-01 19:00:00,81.63401308136585,1.1548127591196968,71.91727166137906,280.52982649120577,1.0
2025-02-01 20:00:00,75.74636663142837,0.47539375118700516,102.53165238037981,204.51523046223508,0.0
2025-02-01 21:00:00,66.48411787437057,0.41567534046838084,108.20344012612456,200.35226503867315,0.0
2025-02-01 22:00:00,82.39658105860615,1.571386044633694,75.24341738441981,239.2319288486033,1.0
2025-02-01 23:00:00,78.85400317817755,0.48241141875676635,104.54740912141135,226.07015863869518,0.0
2025-02-02 00:00:00,80.69349865874553,1.0565189642518278,68.40028535551669,294.4417571158313,1.0
2025-02-02 01:00:00,79.06224278998465,0.5551485376040468,98.03533416571902,188.94158325265397,0.0
2025-02-02 02:00:00,73.53875967727738,0.5043602446372454,97.9414056911966,220.03649707363874,0.0
2025-02-02 03:00:00,67.18766612052866,0.6695051040430753,92.53421653459762,190.04858323229587,0.0
2025-02-02 04:00:00,73.1620386952776,0.4377350638265548,98.23225836884218,184.35993014977927,0.0
2025-02-02 05:00:00,74.86277224813365,0.5194607455237242,84.51381701136253,184.80593765039427,0.0
2025-02-02 06:00:00,73.10904981108598,0.42575294143019515,95.08846252857896,164.57862893823818,0.0
2025-02-02 07:00:00,62.14887640054772,0.3679977488779294,97.15124506630329,209.4308476083641,0.0
2025-02-02 08:00:00,66.36431412087566,0.43882309090947147,97.4382024750462,163.377102433233,0.0
2025-02-02 09:00:00,68.76240682224248,0.4962963202951588,97.58502554129221,175.43112337468474,0.0
2025-02-02 10:00:00,69.62783285449977,0.457069777548274,99.38235800139871,158.48823981842935,0.0
2025-02-02 11:00:00,73.10336048775339,0.4307579020126144,104.79441518086064,198.27860614418213,0.0
2025-02-02 12:00:00,70.88850500466627,0.3593682536328166,108.74517074132523,196.99359079456255,0.0
2025-02-02 13:00:00,63.323278206449494,0.4916894427371305,93.50234773151733,193.46607573627273,0.0
2025-02-02 14:00:00,71.90098925502981,0.3495279625968998,87.96799144610856,179.14844610658847,0.0
2025-02-02 15:00:00,73.05292872641911,0.5760055963689603,89.57955587756896,176.5553249312672,0.0
2025-02-02 16:00:00,72.7989522396552,0.5082439752934503,95.12797078805073,209.28739727093148,0.0
2025-02-02 17:00:00,75.4039036277731,0.3542448500535069,96.48078682183491,188.98896136583025,0.0
2025-02-02 18:00:00,74.16961077274452,0.46907909229501366,92.30003933802543,206.32716643072288,0.0
2025-02-02 19:00:00,72.29590039614219,0.4247843594409417,87.03883335750106,182.29502627751555,0.0
2025-02-02 20:00:00,69.64917144270676,0.531917451041918,95.43879172525811,203.62125485542165,0.0
2025-02-02 21:00:00,61.69519533242004,0.6340450446023145,101.81426620113972,226.06556074632127,0.0
2025-02-02 22:00:00,72.14809109566293,0.3124827530354255,105.95029465835565,211.72331600785566,0.0
2025-02-02 23:00:00,71.03843843581555,0.5115026079147417,94.42576946891678,191.7517236356704,0.0
2025-02-03 00:00:00,71.35789418597686,0.48398672044333596,95.87002177856566,205.14397940711854,0.0
2025-02-03 01:00:00,63.61625712089845,0.5671340076450466,90.73301691152689,195.18669650939574,0.0
2025-02-03 02:00:00,64.59471729795868,0.521319662823769,99.68560829625224,200.15760369389457,0.0
2025-02-03 03:00:00,75.26576426666452,0.42480306682611807,91.51571365809185,193.48777895702992,0.0
2025-02-03 04:00:00,69.80222423071673,0.46809460643333817,105.731278132412,196.7132958822922,0.0
2025-02-03 05:00:00,73.40750348686312,0.4203974143196511,82.14133508065889,204.2418670614835,0.0
2025-02-03 06:00:00,70.1415918806523,0.6076007138598598,96.40370327547538,180.13282600836098,0.0
2025-02-03 07:00:00,70.14878069747873,0.5021311648671942,103.01107339191742,179.68242346020043,0.0
2025-02-03 08:00:00,74.69141902988,0.6901190685753007,101.83834516322504,172.2291489233758,0.0
2025-02-03 09:00:00,86.57791984082056,1.0022696939183544,109.0456000480397,261.96423075028554,1.0
2025-02-03 10:00:00,70.48060388470492,0.42915932330895373,103.49800024567908,175.65434615559042,0.0
2025-02-03 11:00:00,67.6886235564748,0.3486285607387173,89.9594540315799,203.1892501360826,0.0
2025-02-03 12:00:00,67.82751886283842,0.3196860323744055,99.04535752910927,182.14424969016233,0.0
2025-02-03 13:00:00,68.4541393826568,0.341586405699451,82.23753666533548,210.27228928462193,0.0
2025-02-03 14:00:00,71.11066885816857,0.5267126651011483,99.1940025070324,200.69427497505123,0.0
2025-02-03 15:00:00,67.60625689168262,0.5508725023229933,91.66943942999241,160.62991573123892,0.0
2025-02-03 16:00:00,96.05316246990773,1.2098986300098193,89.12280055315642,263.45410232315237,1.0
2025-02-03 17:00:00,65.52696348890248,0.5895038314076115,94.50459725404465,216.2159729118342,0.0
2025-02-03 18:00:00,69.0656417791932,0.45169389483165606,98.83234084204753,180.12274650330295,0.0
2025-02-03 19:00:00,67.80134470862913,0.514679301198555,93.64442158595597,208.40383085789983,0.0
2025-02-03 20:00:00,77.23488942176867,0.6612220628255424,117.38851351853332,182.87003525181603,0.0
2025-02-03 21:00:00,70.98277388255788,0.5896839315865532,96.78757233882088,201.95340753496671,0.0
2025-02-03 22:00:00,75.15922269734317,0.47314693520941675,118.32557043479201,174.7100318609007,0.0
2025-02-03 23:00:00,62.57219813481514,0.41088077745847124,108.14151762118266,164.13787094930848,0.0
2025-02-04 00:00:00,87.66703807830402,1.206291201095168,86.65922078190528,247.81777451119032,1.0
2025-02-04 01:00:00,74.44815397811719,0.42808466807575796,103.68733147317519,197.52542107450327,0.0
2025-02-04 02:00:00,83.51512883745832,1.1869674493203095,80.13894692109412,250.27470904917465,1.0
2025-02-04 03:00:00,75.32740187532676,0.4012820472848816,80.72327420654389,176.3193888355488,0.0
2025-02-04 04:00:00,67.41355774949814,0.48687430329076953,97.21116605849244,192.00201875737727,0.0
2025-02-04 05:00:00,77.0467372009279,0.5076851882958768,108.45157971184321,205.38589505161468,0.0
2025-02-04 06:00:00,81.49449061809625,0.47751440181919214,99.51102816525895,199.10213939754925,0.0
2025-02-04 07:00:00,84.45334068322502,1.253650820186666,57.94292742830525,292.49108897399833,1.0
2025-02-04 08:00:00,67.77248739299614,0.5168654671966728,99.4759554942253,186.59769599091535,0.0
2025-02-04 09:00:00,77.2669223855885,0.5441940649569409,117.04105516255491,223.4343582943232,0.0
2025-02-04 10:00:00,96.12789647312292,1.0717301861371937,90.74763484610105,257.201506281664,1.0
2025-02-04 11:00:00,67.38569986423366,0.641093237974627,99.37995990633968,209.75120594173438,0.0
2025-02-04 12:00:00,67.89906591452072,0.4901411867715738,109.51449277058086,223.63782185919922,0.0
2025-02-04 13:00:00,68.59107695569746,0.5018849622944848,96.33492979631949,209.6181618549779,0.0
2025-02-04 14:00:00,63.27774744482861,0.5708214423256557,82.96128413173281,195.9495154587034,0.0
2025-02-04 15:00:00,65.40674026757901,0.5233216131263502,90.75534011870445,189.43405906674042,0.0
2025-02-04 16:00:00,64.97929616623966,0.5953136633913245,115.62888768508198,220.72175302092512,0.0
2025-02-04 17:00:00,66.16101217447935,0.5287124165201824,97.26006918170695,171.54050149476654,0.0
2025-02-04 18:00:00,69.8265755630661,0.43875626253595623,97.56616020624982,180.59751479240714,0.0
2025-02-04 19:00:00,71.1710736626826,0.5361503525206102,97.00161803725119,192.04884469016557,0.0
2025-02-04 20:00:00,77.75250246407039,0.38562737926793383,119.04136589573007,224.75307515023997,0.0
2025-02-04 21:00:00,65.00822979630604,0.5108559705776523,116.25958915362062,207.5953527208179,0.0
2025-02-04 22:00:00,74.92161199238292,0.49667700093555395,122.18780233448135,180.63908482979508,0.0
2025-02-04 23:00:00,68.93005577887246,0.47918831427274605,98.40954789599948,193.79384589230193,0.0
2025-02-05 00:00:00,69.75268145173783,0.4871462488561069,102.95624488747094,187.7135371180741,0.0
2025-02-05 01:00:00,73.37409746083301,0.3118150954502361,84.83357450579209,185.8042201553293,0.0
2025-02-05 02:00:00,64.3863898921885,0.44512750922590383,114.76934426118274,219.57779117113557,0.0
2025-02-05 03:00:00,71.91204873092025,0.5092844901141115,88.32220448732065,172.5651374147299,0.0
2025-02-05 04:00:00,70.83226104106528,0.51598563919974,102.16775563762629,232.17561711468747,0.0
2025-02-05 05:00:00,72.46225632004075,0.3972324859074042,89.02697472367156,216.56459380369245,0.0
2025-02-05 06:00:00,71.44584321953909,0.62657078408647,94.11133173261304,221.81723341207396,0.0
2025-02-05 07:00:00,82.27650069955448,0.4133825151785499,91.627375689503,190.74120975949484,0.0
2025-02-05 08:00:00,66.81130007874341,0.5969457200526737,93.92124739324183,197.00118561841782,0.0
2025-02-05 09:00:00,67.34501522499092,0.5427194361871684,94.60877296851021,171.33696370950577,0.0
2025-02-05 10:00:00,66.88429736787617,0.4353772690156197,94.51731205074923,189.50675185866393,0.0
2025-02-05 11:00:00,67.22261440419872,0.6775310892609512,108.33333911780306,209.87309695286302,0.0
2025-02-05 12:00:00,66.81306436346742,0.380636316824352,88.9513720693748,225.92126123562792,0.0
2025-02-05 13:00:00,75.94508265553776,0.5919154173610002,102.20541427013868,177.85686366395097,0.0
2025-02-05 14:00:00,77.10252123994927,0.6000582318042978,112.17959152305559,192.68988126029467,0.0
2025-02-05 15:00:00,67.14626853125262,0.4329379790923355,94.86803635486604,196.97401559534956,0.0
2025-02-05 16:00:00,65.83822213447885,0.639246530006433,92.82081109252398,172.0842159561503,0.0
2025-02-05 17:00:00,72.35707778193202,0.4749953485401047,97.69475374819748,211.826984835168,0.0
2025-02-05 18:00:00,67.23888477859515,0.5288693629279857,111.7972520836071,185.5201933651478,0.0
2025-02-05 19:00:00,73.16465908877755,0.526032183877122,101.94107630953357,196.09219297645953,0.0
2025-02-05 20:00:00,71.01461510425649,0.4865691258529452,94.68785705392402,190.96101256176246,0.0
2025-02-05 21:00:00,62.42127942501384,0.5810808273159782,104.8387665118804,184.21322988560652,0.0
2025-02-05 22:00:00,77.73752600665031,0.5793488720552213,88.97707850163576,199.8591002903889,0.0
2025-02-05 23:00:00,78.9793883654776,0.3251468026761819,106.81359510442948,195.68780842863956,0.0
2025-02-06 00:00:00,66.93605654757806,0.6304340242878153,104.08607307701767,192.5628423544267,0.0
2025-02-06 01:00:00,79.69878177911178,1.0867731474023508,73.92608593719049,276.7027623538246,1.0
2025-02-06 02:00:00,71.42932695362452,0.6032546204341658,91.61414201552769,206.3904934156591,0.0
2025-02-06 03:00:00,71.67228394993512,0.6126705136827584,91.13319077716542,233.0723453698457,0.0
2025-02-06 04:00:00,73.29272136336415,0.39090335697848017,105.3481733634591,202.79774465678256,0.0
2025-02-06 05:00:00,80.05102269383175,0.4589185712045415,112.28980502489063,219.9223642982226,0.0
2025-02-06 06:00:00,69.11526386252976,0.38942953315140644,93.62692252971205,172.19556149693074,0.0
2025-02-06 07:00:00,66.00851377730773,0.47850789697112645,104.58386703551484,203.15522878587538,0.0
2025-02-06 08:00:00,63.10340385992736,0.46919657158142586,79.12972981397931,178.05263362057866,0.0
2025-02-06 09:00:00,66.3453498002904,0.577966053226934,94.153822693428,170.46150144936198,0.0
2025-02-06 10:00:00,69.83436513563102,0.6310308746119608,99.68941067129099,185.21257185081927,0.0
2025-02-06 11:00:00,78.97278931758893,0.6395683810789956,90.90316583018166,223.83798668827146,0.0
2025-02-06 12:00:00,67.41194350481915,0.44378319734216976,90.63493625210404,219.00031657339292,0.0
2025-02-06 13:00:00,71.11893975819449,0.4790778126255472,93.32220443531114,204.860094441088,0.0
2025-02-06 14:00:00,69.91788551963624,0.33165618077790493,102.92192728326373,169.3459888022014,0.0
2025-02-06 15:00:00,75.94196636724043,0.4194129933503811,98.12670981593625,196.07438697224126,0.0
2025-02-06 16:00:00,82.63466212936811,0.5964851633097458,77.61768766675027,206.03400017803472,0.0
2025-02-06 17:00:00,67.3456561353984,0.6615582823548232,78.79299847364933,203.51072459157197,0.0
2025-02-06 18:00:00,67.5528027874089,0.3765651128120078,93.93134822142825,163.12412833038508,0.0
2025-02-06 19:00:00,75.22080438534536,0.44075357408471055,104.57686586053552,182.19364303960256,0.0
2025-02-06 20:00:00,73.40945744813156,0.4973594243041073,72.52495157274765,198.71844471702568,0.0
2025-02-06 21:00:00,79.23353662868017,0.5280161158819607,95.00269823848369,210.7258181903438,0.0
2025-02-06 22:00:00,72.91964092662982,0.4190396480078354,94.7375214348258,156.07744357800107,0.0
2025-02-06 23:00:00,68.2035395460647,0.542406104446409,113.88337778208448,196.75752049040284,0.0
2025-02-07 00:00:00,72.95327415346155,0.4526160652929084,96.14978188287137,202.86097539757904,0.0
2025-02-07 01:00:00,75.54351790291454,0.4985547729121721,103.82988984740929,216.99223977032426,0.0
2025-02-07 02:00:00,74.10241090598682,0.55462842480037,101.41257140087463,213.85715168474874,0.0
2025-02-07 03:00:00,72.53637015553649,0.5006422269810937,78.694335201928,211.65142637617612,0.0
2025-02-07 04:00:00,75.33337344794577,0.4563614109473431,107.68207216631737,184.00118986596132,0.0
2025-02-07 05:00:00,75.84647795222837,0.4890390196074169,102.15396505456287,161.83995725753385,0.0
2025-02-07 06:00:00,76.91079495518764,0.49116370407946647,105.0826863967459,192.138944858772,0.0
2025-02-07 07:00:00,73.24354943794822,0.4629988970117872,139.26237706436325,220.0326365041712,0.0
2025-02-07 08:00:00,69.16440959841573,0.47412039373328974,79.15887060501412,227.86909055048864,0.0
2025-02-07 09:00:00,70.73356843216662,0.6598647170504717,117.24696649761108,214.21098204595572,0.0
2025-02-07 10:00:00,76.03254483254179,0.5560919447941238,97.12552480599645,208.58681645603468,0.0
2025-02-07 11:00:00,65.91532164506381,0.47045196819708396,102.87328904403009,207.5927929677193,0.0
2025-02-07 12:00:00,71.8433665443645,0.5696954404510736,99.54487754698758,188.87762506478438,0.0
2025-02-07 13:00:00,68.0333059383632,0.466618051024399,95.75763666601956,197.3987941289276,0.0
2025-02-07 14:00:00,70.14372411467409,0.6173124637586641,94.30167071761241,233.3813905165266,0.0
2025-02-07 15:00:00,76.39225931303649,0.5369642192198094,103.29508735573009,181.14883988416247,0.0
2025-02-07 16:00:00,70.95549534009952,0.4892697855995771,84.8282630332832,232.29557581419704,0.0
2025-02-07 17:00:00,70.23218274078074,0.5447716925810278,107.50579167521765,193.55943691015884,0.0
2025-02-07 18:00:00,63.200719295100406,0.34291238479315006,95.83805595114745,226.50864218190156,0.0
2025-02-07 19:00:00,73.7312678301361,0.3873232531090195,88.69930660959642,171.86369981004924,0.0
2025-02-07 20:00:00,73.22742090570537,0.38060749936009447,95.49987142004187,211.718084023293,0.0
2025-02-07 21:00:00,80.8162736165273,0.5142943094763707,112.57149216862572,185.26459728104757,0.0
2025-02-07 22:00:00,68.461108825235,0.6732514999485092,94.64664912983777,171.69465616151626,0.0
2025-02-07 23:00:00,71.0957516383197,0.7231300146192632,103.5845361820962,204.3706808482189,0.0
2025-02-08 00:00:00,71.24691841855378,0.5638051101440757,92.69043724284526,220.18943577191936,0.0
2025-02-08 01:00:00,77.88726639881737,0.5500844474944457,107.57921849923619,183.10117122813008,0.0
2025-02-08 02:00:00,69.52352233806523,0.3198942265847261,106.85507738790204,170.01968079083198,0.0
2025-02-08 03:00:00,71.39510762885169,0.4457326200265978,118.48608833296412,198.1631047133009,0.0
2025-02-08 04:00:00,73.0394825485827,0.42122162480917613,98.24436054500785,198.25129342445638,0.0
2025-02-08 05:00:00,70.9330456157818,0.43791524017488836,106.68654804757907,210.96639255108997,0.0
2025-02-08 06:00:00,67.76783192724736,0.48318561814152106,100.98067539538944,218.99189142728977,0.0
2025-02-08 07:00:00,70.97044996449154,0.45279094223028726,112.95871781863015,198.8116963745501,0.0
2025-02-08 08:00:00,75.36815874929886,0.30207001896242125,92.81167612391269,237.11006629588525,0.0
2025-02-08 09:00:00,75.14863856572394,1.1617728785634227,86.21563639833548,266.75741801765236,1.0
2025-02-08 10:00:00,70.66484837073438,0.39272569742601937,98.05302703883318,193.071469879862,0.0
2025-02-08 11:00:00,66.49939592530413,0.523924686411115,99.35811822891502,167.76865281794343,0.0
2025-02-08 12:00:00,75.97523314462421,0.7074082669749974,100.91752484448372,194.74680959367666,0.0
2025-02-08 13:00:00,62.384065476081126,0.40806154084135765,102.52240396426677,193.27226109177727,0.0
2025-02-08 14:00:00,67.20539076364206,0.246971247725367,98.83770956878041,219.2060959256294,0.0
2025-02-08 15:00:00,71.8860593753226,0.47139957781198893,102.14713183170527,209.2496724813371,0.0
2025-02-08 16:00:00,77.8276201461717,0.6100959634998571,115.78118057562185,176.41261756734767,0.0
2025-02-08 17:00:00,69.67124869463507,0.6958347454220594,109.85449685615218,203.44508772822076,0.0
2025-02-08 18:00:00,67.22400236653401,0.3770450405547583,108.69154592496896,213.43062343458107,0.0
2025-02-08 19:00:00,79.40578534720295,0.5496699223236522,95.44460473976129,230.56062718775667,0.0
2025-02-08 20:00:00,62.75993049791878,0.45346895432199463,91.10759171771676,217.7500793482812,0.0
2025-02-08 21:00:00,59.00597021689959,0.48940516456958644,109.55300558237752,215.21693308622955,0.0
2025-02-08 22:00:00,72.20007225026666,0.7644343347017035,108.76046792529795,201.20171989230326,0.0
2025-02-08 23:00:00,67.48972887823695,0.34970296716048466,114.72670675750982,207.766240108469,0.0
2025-02-09 00:00:00,64.89383591434644,0.5253739661494573,93.9601937403077,224.99009801412316,0.0
2025-02-09 01:00:00,73.54178223649677,0.5467693171765433,97.70451344639653,173.344452050407,0.0
2025-02-09 02:00:00,85.27097499460929,1.3458454138051552,59.203118923773,259.55695174467064,1.0
2025-02-09 03:00:00,67.17960684631636,0.5097983153470895,96.07528893939127,184.54862502487518,0.0
2025-02-09 04:00:00,63.59847800664553,0.5308050539504102,109.96570510579447,207.58306237452248,0.0
2025-02-09 05:00:00,74.36228664140073,0.4608351432578209,95.33504620771802,224.60444351301575,0.0
2025-02-09 06:00:00,85.94730597746513,1.47021041487571,82.91702114084816,272.29677245962876,1.0
2025-02-09 07:00:00,69.50412068110309,0.46568077245025896,98.09496894002189,152.19391265061125,0.0
2025-02-09 08:00:00,79.23318498023833,0.5621571889856051,103.2405702822156,191.7555850995106,0.0
2025-02-09 09:00:00,64.64957616836924,0.4630389663956366,88.52308610184332,218.26947464034814,0.0
2025-02-09 10:00:00,62.372374145376305,0.5377100393902187,100.852094496339,210.7525980589976,0.0
2025-02-09 11:00:00,82.84681260042458,1.1681864810209546,52.93049796014607,280.90743471623347,1.0
2025-02-09 12:00:00,69.77206991822251,0.6126050250772168,98.13103841838016,194.4001339625104,0.0
2025-02-09 13:00:00,83.93387323559526,1.42065132764977,66.75455830834808,263.92354777417614,1.0
2025-02-09 14:00:00,68.79381971071835,0.32269675317931185,112.05994516546816,210.30588643248936,0.0
2025-02-09 15:00:00,71.76027698257148,0.6261921500713992,107.77407352764511,183.3143637993075,0.0
2025-02-09 16:00:00,63.74230287904778,0.4094267699137381,104.66670981966081,243.68193466760914,0.0
2025-02-09 17:00:00,77.2188230203663,0.434623366135118,115.2100622715938,211.41014416709032,0.0
2025-02-09 18:00:00,69.58924410803715,0.44043387059565076,90.51083479175162,188.387033948921,0.0
2025-02-09 19:00:00,75.58647915794064,0.6374438093170818,117.47363197915558,187.77229505222743,0.0
2025-02-09 20:00:00,71.71362673188852,0.28643257860213045,109.32191564260384,198.14111586772825,0.0
2025-02-09 21:00:00,72.28376609576893,0.8137748533659994,97.63444712781055,195.20996155956502,0.0
2025-02-09 22:00:00,72.84883640116102,0.6056056809066052,111.35620147182944,222.3366755105991,0.0
2025-02-09 23:00:00,72.23854280008658,0.522323891412916,88.93706487588366,203.72832339488093,0.0
2025-02-10 00:00:00,73.21361379933772,0.4945105999383714,91.75485838472326,185.36736522182943,0.0
2025-02-10 01:00:00,76.64576265066216,0.5285554074857657,93.914102767603,237.80881370311565,0.0
2025-02-10 02:00:00,70.98260584850735,0.5521122428379338,94.71022291935985,200.98616663040445,0.0
2025-02-10 03:00:00,73.54501878794257,0.5645215585950057,89.43442357239748,215.37679351937794,0.0
2025-02-10 04:00:00,69.55132152856386,0.5555604466003449,112.23083067095325,187.83546985110482,0.0
2025-02-10 05:00:00,77.20058607724737,0.5089580681255249,97.41145599630168,207.26231255489046,0.0
2025-02-10 06:00:00,66.61803848970365,0.4802661579692674,103.5250496835688,206.2221998228639,0.0
2025-02-10 07:00:00,79.00470216455408,0.4848726716346488,94.2964863358632,162.20701415807696,0.0
2025-02-10 08:00:00,69.79921024677829,0.4805091719647319,81.79396699451483,240.30550220921282,0.0
2025-02-10 09:00:00,62.84612448940976,0.6133770096867065,102.70057358391422,225.81288921845095,0.0
2025-02-10 10:00:00,70.64052207455394,0.5593556722280861,80.87745024580224,192.05609367708024,0.0
2025-02-10 11:00:00,66.59474171262559,0.20596113653357195,99.31365953914532,177.9546051908829,0.0
2025-02-10 12:00:00,74.20321774494361,0.5655900776529761,86.3168496116719,206.95123227607104,0.0
2025-02-10 13:00:00,84.93365013129264,1.2249448956469324,91.12141994552687,262.3380158621568,1.0
2025-02-10 14:00:00,67.7690828339261,0.49812912435541024,109.11362722174722,207.11337897126458,0.0
2025-02-10 15:00:00,60.552296345272346,0.4611481546911114,101.0575379127148,203.8315479238818,0.0
2025-02-10 16:00:00,67.73846840375461,0.6124112719986013,112.63706677654669,210.1248197861185,0.0
2025-02-10 17:00:00,57.88060336685522,0.5947526462122859,91.53684022534264,228.94611398783613,0.0
2025-02-10 18:00:00,62.08048588257138,0.42271223321763907,105.43479378670094,211.36206410257293,0.0
2025-02-10 19:00:00,73.80207328072149,0.5407052287124535,101.99810433718713,179.00689002180118,0.0
2025-02-10 20:00:00,73.92900079325416,0.40283432654587137,102.6402008133367,227.25125705424904,0.0
2025-02-10 21:00:00,72.12728780892482,0.36203818352110695,112.72353500106767,232.81229126976575,0.0
2025-02-10 22:00:00,65.16511928435393,0.43732827754100345,107.32492102779803,263.0411346902417,0.0
2025-02-10 23:00:00,69.7614432192901,0.5862393472382759,102.88723662825024,177.53011933520804,0.0
2025-02-11 00:00:00,82.63369471638072,1.3040039754378454,57.670636648125104,275.41400417597447,1.0
2025-02-11 01:00:00,64.20817655403728,0.5513085420097293,90.39953704720537,158.35802593622026,0.0
2025-02-11 02:00:00,77.51699150883576,0.5725095786847997,98.77291066404275,211.06298312758418,0.0
2025-02-11 03:00:00,74.38681145287836,0.5516178287114959,100.93372374276652,189.03599403666453,0.0
2025-02-11 04:00:00,68.89517913085169,0.43585184047770476,88.69796275326075,238.46891589649906,0.0
2025-02-11 05:00:00,70.13442919497265,0.543192254467394,124.11676675578421,184.50770059962835,0.0
2025-02-11 06:00:00,71.04191403973776,0.5800409525227682,115.16394055253573,166.21633924065478,0.0
2025-02-11 07:00:00,59.791325657878545,0.5754291329813574,106.02118320392483,190.5747251859496,0.0
2025-02-11 08:00:00,68.76411308739702,0.6188913371474642,100.72036861283745,160.49024457565724,0.0
2025-02-11 09:00:00,66.59007876001101,0.5708303847201064,97.87791030098849,215.0219890901462,0.0
2025-02-11 10:00:00,64.99189995052542,0.5351448207541583,90.48081539977764,158.6983390748736,0.0
2025-02-11 11:00:00,68.59449853557022,0.6070150238316427,100.77480518518863,200.56915162366317,0.0
2025-02-11 12:00:00,78.98843263424762,0.497347874075094,102.57752540142751,158.44376360287606,0.0
2025-02-11 13:00:00,73.20421430633505,0.41181253487722824,87.58239424518376,193.59404390926716,0.0
2025-02-11 14:00:00,67.14410505108602,0.4836933036056236,103.34176417244898,232.86756311609068,0.0
2025-02-11 15:00:00,72.86291390678079,0.4255097355193551,98.44740951175251,207.2129578287159,0.0
